date,character_name,world_name,character_class,character_level,character_exp,character_exp_rate,character_date_create,past_level,growth,create_year,create_year_month
2025-04-27 00:00:00+09:00,낄룸,아케인,보우마스터,280.0,2673178791619.0,7.945,2016-05-13 00:00:00+09:00,280.0,0.0,2016.0,2016-05
2025-04-27 00:00:00+09:00,팜화살,루나,보우마스터,280.0,2664703939996.0,7.919,2024-06-22 00:00:00+09:00,280.0,0.0,2024.0,2024-06
2025-04-27 00:00:00+09:00,푸피쵸,오로라,보우마스터,280.0,2639314714053.0,7.844,2024-12-19 00:00:00+09:00,280.0,0.0,2024.0,2024-12
2025-04-27 00:00:00+09:00,여름개같다,레드,보우마스터,280.0,2636289685743.0,7.835,2024-09-19 00:00:00+09:00,279.0,1.0,2024.0,2024-09
2025-04-27 00:00:00+09:00,토야윤선,엘리시움,보우마스터,280.0,2616815652679.0,7.777,2024-06-20 00:00:00+09:00,279.0,1.0,2024.0,2024-06
2025-04-27 00:00:00+09:00,강하랑,루나,보우마스터,280.0,2571589183059.0,7.643,2016-08-28 00:00:00+09:00,280.0,0.0,2016.0,2016-08
2025-04-27 00:00:00+09:00,언제바뀌지,크로아,보우마스터,280.0,4852681155062.0,14.422,2025-02-06 00:00:00+09:00,275.0,5.0,2025.0,2025-02
2025-04-27 00:00:00+09:00,달려라허니,엘리시움,보우마스터,280.0,2512569531953.0,7.467,2022-02-04 00:00:00+09:00,280.0,0.0,2022.0,2022-02
2025-04-27 00:00:00+09:00,잉수년,크로아,보우마스터,280.0,2505832969226.0,7.447,2022-01-28 00:00:00+09:00,280.0,0.0,2022.0,2022-01
2025-04-27 00:00:00+09:00,보마동상,챌린저스3,보우마스터,280.0,2477878931886.0,7.364,2024-12-19 00:00:00+09:00,279.0,1.0,2024.0,2024-12
2025-04-27 00:00:00+09:00,궁넋,크로아,보우마스터,280.0,2472536224449.0,7.348,2019-08-13 00:00:00+09:00,279.0,1.0,2019.0,2019-08
2025-04-27 00:00:00+09:00,체리케이크,엘리시움,보우마스터,280.0,2511173981494.0,7.463,2023-06-15 00:00:00+09:00,279.0,1.0,2023.0,2023-06
2025-04-27 00:00:00+09:00,보마김승남,엘리시움,보우마스터,280.0,2446247530041.0,7.270,2022-01-27 00:00:00+09:00,280.0,0.0,2022.0,2022-01
2025-04-27 00:00:00+09:00,요기오땟,오로라,보우마스터,280.0,2444367438453.0,7.265,,280.0,0.0,,
2025-04-27 00:00:00+09:00,혜지활쏴요,스카니아,보우마스터,280.0,3792392816917.0,11.271,2022-01-17 00:00:00+09:00,276.0,4.0,2022.0,2022-01
2025-04-27 00:00:00+09:00,별이밤에,챌린저스,보우마스터,280.0,2423945140831.0,7.204,2024-12-19 00:00:00+09:00,278.0,2.0,2024.0,2024-12
2025-04-27 00:00:00+09:00,Aimr,엘리시움,보우마스터,280.0,2559256397674.0,7.606,2024-12-19 00:00:00+09:00,278.0,2.0,2024.0,2024-12
2025-04-27 00:00:00+09:00,활재웅,엘리시움,보우마스터,280.0,2393997977396.0,7.115,2017-06-15 00:00:00+09:00,280.0,0.0,2017.0,2017-06
2025-04-27 00:00:00+09:00,bomadan,베라,보우마스터,280.0,2377420238539.0,7.066,2025-01-02 00:00:00+09:00,280.0,0.0,2025.0,2025-01
2025-04-27 00:00:00+09:00,보마요일,챌린저스,보우마스터,280.0,2828516041685.0,8.406,2024-12-19 00:00:00+09:00,277.0,3.0,2024.0,2024-12
2025-04-27 00:00:00+09:00,낙낙쭙쮸,오로라,보우마스터,280.0,2579205410367.0,7.665,2024-12-19 00:00:00+09:00,277.0,3.0,2024.0,2024-12
2025-04-27 00:00:00+09:00,보통마멋,챌린저스4,보우마스터,280.0,2507212376649.0,7.451,2024-12-19 00:00:00+09:00,278.0,2.0,2024.0,2024-12
2025-04-27 00:00:00+09:00,투쟁투지성취,베라,보우마스터,280.0,2345314379008.0,6.970,2024-12-19 00:00:00+09:00,277.0,3.0,2024.0,2024-12
2025-04-27 00:00:00+09:00,Wu0uW,스카니아,보우마스터,280.0,2343996632478.0,6.966,2023-12-29 00:00:00+09:00,278.0,2.0,2023.0,2023-12
2025-04-27 00:00:00+09:00,양앙숙,오로라,보우마스터,280.0,2311803649163.0,6.871,2019-06-20 00:00:00+09:00,280.0,0.0,2019.0,2019-06
2025-04-27 00:00:00+09:00,보마꿉실,챌린저스,보우마스터,280.0,2295340768853.0,6.822,2024-12-19 00:00:00+09:00,278.0,2.0,2024.0,2024-12
2025-04-27 00:00:00+09:00,허다,스카니아,보우마스터,280.0,2284426789127.0,6.789,2023-06-20 00:00:00+09:00,280.0,0.0,2023.0,2023-06
2025-04-27 00:00:00+09:00,로틱,챌린저스,보우마스터,280.0,2389505400869.0,7.102,2024-12-19 00:00:00+09:00,278.0,2.0,2024.0,2024-12
2025-04-27 00:00:00+09:00,굿보이183,스카니아,보우마스터,280.0,5292338996469.0,15.729,2024-12-19 00:00:00+09:00,276.0,4.0,2024.0,2024-12
2025-04-27 00:00:00+09:00,깅뽀뇨,챌린저스3,보우마스터,280.0,2505183412462.0,7.445,2024-12-19 00:00:00+09:00,278.0,2.0,2024.0,2024-12
2025-04-27 00:00:00+09:00,악동여봉,챌린저스,보우마스터,280.0,2150282741906.0,6.391,2024-12-28 00:00:00+09:00,278.0,2.0,2024.0,2024-12
2025-04-27 00:00:00+09:00,메론활쟁이,크로아,보우마스터,280.0,2109645210413.0,6.270,2024-12-19 00:00:00+09:00,279.0,1.0,2024.0,2024-12
2025-04-27 00:00:00+09:00,람람윤,챌린저스,보우마스터,280.0,2600796196803.0,7.730,2024-12-19 00:00:00+09:00,277.0,3.0,2024.0,2024-12
2025-04-27 00:00:00+09:00,쭈두,베라,보우마스터,280.0,2183242191570.0,6.489,2024-05-09 00:00:00+09:00,278.0,2.0,2024.0,2024-05
2025-04-27 00:00:00+09:00,AXC31,챌린저스3,보우마스터,280.0,2510390502825.0,7.461,2025-01-10 00:00:00+09:00,277.0,3.0,2025.0,2025-01
2025-04-27 00:00:00+09:00,엔나아처,엘리시움,보우마스터,280.0,2056756834497.0,6.113,2022-12-22 00:00:00+09:00,279.0,1.0,2022.0,2022-12
2025-04-27 00:00:00+09:00,콧코마,챌린저스3,보우마스터,280.0,2055653658671.0,6.109,2024-12-19 00:00:00+09:00,279.0,1.0,2024.0,2024-12
2025-04-27 00:00:00+09:00,fevbor,크로아,보우마스터,280.0,2029409680231.0,6.031,2019-06-20 00:00:00+09:00,280.0,0.0,2019.0,2019-06
2025-04-27 00:00:00+09:00,준비댓나정,크로아,보우마스터,280.0,2024665639850.0,6.017,2020-08-28 00:00:00+09:00,280.0,0.0,2020.0,2020-08
2025-04-27 00:00:00+09:00,샬룽s,스카니아,보우마스터,280.0,2045486579025.0,6.079,2009-08-04 00:00:00+09:00,280.0,0.0,2009.0,2009-08
2025-04-27 00:00:00+09:00,배고파요엄마,챌린저스,보우마스터,280.0,2090389471051.0,6.213,2024-12-19 00:00:00+09:00,277.0,3.0,2024.0,2024-12
2025-04-27 00:00:00+09:00,소다푸딩,유니온,보우마스터,280.0,2576679878662.0,7.658,2005-03-28 00:00:00+09:00,279.0,1.0,2005.0,2005-03
2025-04-27 00:00:00+09:00,도넛냥꾼,챌린저스3,보우마스터,280.0,2011364196689.0,5.978,2024-12-19 00:00:00+09:00,279.0,1.0,2024.0,2024-12
2025-04-27 00:00:00+09:00,버플코이,오로라,보우마스터,280.0,2317761578507.0,6.888,2024-06-22 00:00:00+09:00,279.0,1.0,2024.0,2024-06
2025-04-27 00:00:00+09:00,신매보마,스카니아,보우마스터,280.0,1972154395769.0,5.861,2024-03-07 00:00:00+09:00,280.0,0.0,2024.0,2024-03
2025-04-27 00:00:00+09:00,로옌임,스카니아,보우마스터,280.0,1957914965987.0,5.819,2018-10-17 00:00:00+09:00,278.0,2.0,2018.0,2018-10
2025-04-27 00:00:00+09:00,지홍이의,오로라,보우마스터,280.0,1935538524580.0,5.752,2024-12-23 00:00:00+09:00,278.0,2.0,2024.0,2024-12
2025-04-27 00:00:00+09:00,Penhelen,챌린저스2,보우마스터,280.0,2238564599990.0,6.653,2024-12-19 00:00:00+09:00,278.0,2.0,2024.0,2024-12
2025-04-27 00:00:00+09:00,소라사키히나,베라,보우마스터,280.0,1942297760171.0,5.772,2023-08-01 00:00:00+09:00,277.0,3.0,2023.0,2023-08
2025-04-27 00:00:00+09:00,똘가정,스카니아,보우마스터,280.0,1897765147748.0,5.640,2023-12-03 00:00:00+09:00,280.0,0.0,2023.0,2023-12
2025-04-27 00:00:00+09:00,쓰르라,유니온,보우마스터,280.0,2718392074898.0,8.079,2024-12-19 00:00:00+09:00,277.0,3.0,2024.0,2024-12
2025-04-27 00:00:00+09:00,체라보마,챌린저스2,보우마스터,280.0,2069009146538.0,6.149,2024-12-19 00:00:00+09:00,278.0,2.0,2024.0,2024-12
2025-04-27 00:00:00+09:00,박음수,베라,보우마스터,280.0,6077620661515.0,18.063,2024-12-19 00:00:00+09:00,278.0,2.0,2024.0,2024-12
2025-04-27 00:00:00+09:00,찌굼,챌린저스3,보우마스터,280.0,1875415519025.0,5.574,2024-12-19 00:00:00+09:00,278.0,2.0,2024.0,2024-12
2025-04-27 00:00:00+09:00,귀엽고,엘리시움,보우마스터,280.0,4837192999084.0,14.376,2020-06-30 00:00:00+09:00,279.0,1.0,2020.0,2020-06
2025-04-27 00:00:00+09:00,퀴셀,베라,보우마스터,280.0,1903182641334.0,5.656,2024-01-10 00:00:00+09:00,279.0,1.0,2024.0,2024-01
2025-04-27 00:00:00+09:00,gh보마,루나,보우마스터,280.0,1861075074150.0,5.531,2024-12-19 00:00:00+09:00,278.0,2.0,2024.0,2024-12
2025-04-27 00:00:00+09:00,뀨해주,챌린저스,보우마스터,280.0,5015012843641.0,14.905,2025-01-02 00:00:00+09:00,277.0,3.0,2025.0,2025-01
2025-04-27 00:00:00+09:00,두둥이펭귄,오로라,보우마스터,280.0,1842217372796.0,5.475,2019-06-20 00:00:00+09:00,278.0,2.0,2019.0,2019-06
2025-04-27 00:00:00+09:00,마르크비비앙,오로라,보우마스터,280.0,1834420067943.0,5.452,2024-12-19 00:00:00+09:00,279.0,1.0,2024.0,2024-12
2025-04-27 00:00:00+09:00,김김찬찬욱욱,스카니아,보우마스터,280.0,2104347694472.0,6.254,2024-12-19 00:00:00+09:00,278.0,2.0,2024.0,2024-12
2025-04-27 00:00:00+09:00,어느새쾌남,챌린저스,보우마스터,280.0,2419538264352.0,7.191,2024-12-19 00:00:00+09:00,277.0,3.0,2024.0,2024-12
2025-04-27 00:00:00+09:00,현승규,크로아,보우마스터,280.0,2747432438495.0,8.165,2025-01-03 00:00:00+09:00,277.0,3.0,2025.0,2025-01
2025-04-27 00:00:00+09:00,냈보마,루나,보우마스터,280.0,1860193854726.0,5.528,2024-12-19 00:00:00+09:00,278.0,2.0,2024.0,2024-12
2025-04-27 00:00:00+09:00,보우만티,스카니아,보우마스터,280.0,1797744254926.0,5.343,2024-12-19 00:00:00+09:00,278.0,2.0,2024.0,2024-12
2025-04-27 00:00:00+09:00,레르슛,챌린저스,보우마스터,280.0,1792033649102.0,5.326,2024-12-19 00:00:00+09:00,280.0,0.0,2024.0,2024-12
2025-04-27 00:00:00+09:00,캐리해줄개,챌린저스2,보우마스터,280.0,1951862092866.0,5.801,2024-12-27 00:00:00+09:00,278.0,2.0,2024.0,2024-12
2025-04-27 00:00:00+09:00,괼댓,스카니아,보우마스터,280.0,1934798440755.0,5.750,2024-12-19 00:00:00+09:00,278.0,2.0,2024.0,2024-12
2025-04-27 00:00:00+09:00,단홍보마,오로라,보우마스터,280.0,1774884516335.0,5.275,2024-12-19 00:00:00+09:00,280.0,0.0,2024.0,2024-12
2025-04-27 00:00:00+09:00,심용보마,챌린저스4,보우마스터,280.0,1890115160949.0,5.617,2024-12-19 00:00:00+09:00,277.0,3.0,2024.0,2024-12
2025-04-27 00:00:00+09:00,여냐비,스카니아,보우마스터,280.0,1750607513204.0,5.203,2024-12-19 00:00:00+09:00,279.0,1.0,2024.0,2024-12
2025-04-27 00:00:00+09:00,용보티치,크로아,보우마스터,280.0,1742771545475.0,5.179,2024-12-22 00:00:00+09:00,280.0,0.0,2024.0,2024-12
2025-04-27 00:00:00+09:00,보마wood,스카니아,보우마스터,280.0,1739926704478.0,5.171,2024-12-19 00:00:00+09:00,279.0,1.0,2024.0,2024-12
2025-04-27 00:00:00+09:00,알밤콧수염,챌린저스2,보우마스터,280.0,1731381142626.0,5.146,2024-12-19 00:00:00+09:00,279.0,1.0,2024.0,2024-12
2025-04-27 00:00:00+09:00,안그냥임,스카니아,보우마스터,280.0,1714977790311.0,5.097,2024-12-28 00:00:00+09:00,276.0,4.0,2024.0,2024-12
2025-04-27 00:00:00+09:00,더궈리,크로아,보우마스터,280.0,1887107086831.0,5.608,2025-02-06 00:00:00+09:00,276.0,4.0,2025.0,2025-02
2025-04-27 00:00:00+09:00,한조인,크로아,보우마스터,280.0,3380414101628.0,10.047,2025-02-18 00:00:00+09:00,275.0,5.0,2025.0,2025-02
2025-04-27 00:00:00+09:00,무좀맛다람쥐,챌린저스3,보우마스터,280.0,1686542424680.0,5.012,2024-12-19 00:00:00+09:00,276.0,4.0,2024.0,2024-12
2025-04-27 00:00:00+09:00,괴쁩,챌린저스3,보우마스터,280.0,1798251037667.0,5.344,2024-12-19 00:00:00+09:00,278.0,2.0,2024.0,2024-12
2025-04-27 00:00:00+09:00,복부지방법원,루나,보우마스터,280.0,2531309794693.0,7.523,2024-12-19 00:00:00+09:00,276.0,4.0,2024.0,2024-12
2025-04-27 00:00:00+09:00,각성별님,챌린저스4,보우마스터,280.0,1861759251033.0,5.533,2024-12-22 00:00:00+09:00,277.0,3.0,2024.0,2024-12
2025-04-27 00:00:00+09:00,배그11만원씀,베라,보우마스터,280.0,1620478632180.0,4.816,2024-06-20 00:00:00+09:00,279.0,1.0,2024.0,2024-06
2025-04-27 00:00:00+09:00,뻔뼘,챌린저스,보우마스터,280.0,1609395511675.0,4.783,2024-12-19 00:00:00+09:00,277.0,3.0,2024.0,2024-12
2025-04-27 00:00:00+09:00,보교닝,챌린저스,보우마스터,280.0,1825995855953.0,5.427,2024-12-25 00:00:00+09:00,277.0,3.0,2024.0,2024-12
2025-04-27 00:00:00+09:00,보감마수,챌린저스4,보우마스터,280.0,1574541765016.0,4.680,2024-12-19 00:00:00+09:00,280.0,0.0,2024.0,2024-12
2025-04-27 00:00:00+09:00,새봄초봄,챌린저스,보우마스터,280.0,1779957643490.0,5.290,2024-12-19 00:00:00+09:00,278.0,2.0,2024.0,2024-12
2025-04-27 00:00:00+09:00,보마독학,크로아,보우마스터,280.0,1565039322495.0,4.651,2018-11-21 00:00:00+09:00,280.0,0.0,2018.0,2018-11
2025-04-27 00:00:00+09:00,까이곳,엘리시움,보우마스터,280.0,1552404822524.0,4.614,2025-01-01 00:00:00+09:00,278.0,2.0,2025.0,2025-01
2025-04-27 00:00:00+09:00,덕대광,베라,보우마스터,280.0,1913817260214.0,5.688,2024-12-19 00:00:00+09:00,277.0,3.0,2024.0,2024-12
2025-04-27 00:00:00+09:00,밀귤핑,챌린저스,보우마스터,280.0,2750222896300.0,8.174,2024-12-19 00:00:00+09:00,278.0,2.0,2024.0,2024-12
2025-04-27 00:00:00+09:00,티모싹,크로아,보우마스터,280.0,1664979210909.0,4.948,2023-08-09 00:00:00+09:00,276.0,4.0,2023.0,2023-08
2025-04-27 00:00:00+09:00,곤뇽의꿈,스카니아,보우마스터,280.0,2329389149536.0,6.923,2024-12-19 00:00:00+09:00,278.0,2.0,2024.0,2024-12
2025-04-27 00:00:00+09:00,COGAI,베라,보우마스터,280.0,1509106216339.0,4.485,2022-03-27 00:00:00+09:00,277.0,3.0,2022.0,2022-03
2025-04-27 00:00:00+09:00,아처꼼,베라,보우마스터,280.0,1508405549279.0,4.483,2024-12-19 00:00:00+09:00,279.0,1.0,2024.0,2024-12
2025-04-27 00:00:00+09:00,우주퓨,챌린저스4,보우마스터,280.0,1718973613044.0,5.109,2024-12-19 00:00:00+09:00,278.0,2.0,2024.0,2024-12
2025-04-27 00:00:00+09:00,날짱,베라,보우마스터,280.0,2363287592810.0,7.024,2018-07-06 00:00:00+09:00,278.0,2.0,2018.0,2018-07
2025-04-27 00:00:00+09:00,내령콩,베라,보우마스터,280.0,1502786272895.0,4.466,2024-12-19 00:00:00+09:00,278.0,2.0,2024.0,2024-12
2025-04-27 00:00:00+09:00,보마화살막장,챌린저스3,보우마스터,280.0,1499471010586.0,4.456,2024-12-19 00:00:00+09:00,278.0,2.0,2024.0,2024-12
2025-04-27 00:00:00+09:00,창보우마스터,루나,보우마스터,280.0,1598745848276.0,4.751,2022-08-29 00:00:00+09:00,278.0,2.0,2022.0,2022-08
2025-04-27 00:00:00+09:00,태극보마,크로아,보우마스터,280.0,1770689989276.0,5.262,2025-02-06 00:00:00+09:00,277.0,3.0,2025.0,2025-02
2025-04-27 00:00:00+09:00,헛롱,스카니아,보우마스터,280.0,1477216137046.0,4.390,2021-12-30 00:00:00+09:00,280.0,0.0,2021.0,2021-12
2025-04-27 00:00:00+09:00,취킨보마,챌린저스4,보우마스터,280.0,1736226098560.0,5.160,2024-12-19 00:00:00+09:00,278.0,2.0,2024.0,2024-12
2025-04-27 00:00:00+09:00,이틔윤,챌린저스,보우마스터,280.0,1610366502766.0,4.786,2024-12-19 00:00:00+09:00,277.0,3.0,2024.0,2024-12
2025-04-27 00:00:00+09:00,가갸규가,엘리시움,보우마스터,280.0,1692790138368.0,5.031,2024-12-19 00:00:00+09:00,278.0,2.0,2024.0,2024-12
2025-04-27 00:00:00+09:00,논일,루나,보우마스터,280.0,1449993479814.0,4.309,2024-06-20 00:00:00+09:00,280.0,0.0,2024.0,2024-06
2025-04-27 00:00:00+09:00,직쓱이,크로아,보우마스터,280.0,1434459210825.0,4.263,2024-12-19 00:00:00+09:00,278.0,2.0,2024.0,2024-12
2025-04-27 00:00:00+09:00,남롱,크로아,보우마스터,280.0,1430691585101.0,4.252,2024-06-22 00:00:00+09:00,280.0,0.0,2024.0,2024-06
2025-04-27 00:00:00+09:00,활로잡은참치,챌린저스,보우마스터,280.0,1427443108127.0,4.242,2024-12-19 00:00:00+09:00,278.0,2.0,2024.0,2024-12
2025-04-27 00:00:00+09:00,댓브란,엘리시움,보우마스터,280.0,1426022517296.0,4.238,2024-12-19 00:00:00+09:00,280.0,0.0,2024.0,2024-12
2025-04-27 00:00:00+09:00,므희루,스카니아,보우마스터,280.0,1400315041376.0,4.162,2024-09-29 00:00:00+09:00,279.0,1.0,2024.0,2024-09
2025-04-27 00:00:00+09:00,검은서카니,챌린저스,보우마스터,280.0,1600644750759.0,4.757,2024-12-19 00:00:00+09:00,277.0,3.0,2024.0,2024-12
2025-04-27 00:00:00+09:00,HyonChan,챌린저스,보우마스터,280.0,1347612696030.0,4.005,2024-12-19 00:00:00+09:00,278.0,2.0,2024.0,2024-12
2025-04-27 00:00:00+09:00,톰뽀이,루나,보우마스터,280.0,1338082800813.0,3.977,2019-08-03 00:00:00+09:00,279.0,1.0,2019.0,2019-08
2025-04-27 00:00:00+09:00,재혁공쥬,챌린저스,보우마스터,280.0,1337514747195.0,3.975,2024-12-19 00:00:00+09:00,278.0,2.0,2024.0,2024-12
2025-04-27 00:00:00+09:00,잘해보께,크로아,보우마스터,280.0,1332603342920.0,3.960,2025-01-11 00:00:00+09:00,276.0,4.0,2025.0,2025-01
2025-04-27 00:00:00+09:00,HoId,크로아,보우마스터,280.0,1326096256813.0,3.941,2024-12-19 00:00:00+09:00,279.0,1.0,2024.0,2024-12
2025-04-27 00:00:00+09:00,화차화차,챌린저스4,보우마스터,280.0,1677420326382.0,4.985,2024-12-19 00:00:00+09:00,278.0,2.0,2024.0,2024-12
2025-04-27 00:00:00+09:00,은지록,크로아,보우마스터,280.0,1312305249304.0,3.900,2024-06-20 00:00:00+09:00,280.0,0.0,2024.0,2024-06
2025-04-27 00:00:00+09:00,공모서귀,챌린저스,보우마스터,280.0,1405917004829.0,4.178,2024-12-20 00:00:00+09:00,278.0,2.0,2024.0,2024-12
2025-04-27 00:00:00+09:00,뾰우맛떠,챌린저스,보우마스터,280.0,1473069846299.0,4.378,2024-12-20 00:00:00+09:00,277.0,3.0,2024.0,2024-12
2025-04-27 00:00:00+09:00,BMCW,챌린저스3,보우마스터,280.0,1286535648471.0,3.824,2024-12-19 00:00:00+09:00,278.0,2.0,2024.0,2024-12
2025-04-27 00:00:00+09:00,크리스보마스,챌린저스3,보우마스터,280.0,1282630162844.0,3.812,2024-12-21 00:00:00+09:00,277.0,3.0,2024.0,2024-12
2025-04-27 00:00:00+09:00,하사영진,베라,보우마스터,280.0,1275620734216.0,3.791,2023-12-21 00:00:00+09:00,280.0,0.0,2023.0,2023-12
2025-04-27 00:00:00+09:00,최애수님3,챌린저스3,보우마스터,280.0,1264321612639.0,3.758,2024-12-19 00:00:00+09:00,280.0,0.0,2024.0,2024-12
2025-04-27 00:00:00+09:00,특얼,엘리시움,보우마스터,280.0,1240349378557.0,3.686,,280.0,0.0,,
2025-04-27 00:00:00+09:00,델퐁,엘리시움,보우마스터,280.0,1231022879932.0,3.659,2022-09-14 00:00:00+09:00,279.0,1.0,2022.0,2022-09
2025-04-27 00:00:00+09:00,삥쒼,오로라,보우마스터,280.0,1225426857569.0,3.642,2024-12-29 00:00:00+09:00,277.0,3.0,2024.0,2024-12
2025-04-27 00:00:00+09:00,쏜필,크로아,보우마스터,280.0,1219970179635.0,3.626,2024-12-29 00:00:00+09:00,279.0,1.0,2024.0,2024-12
2025-04-27 00:00:00+09:00,세똥복수,챌린저스,보우마스터,280.0,1170013056377.0,3.477,2024-12-23 00:00:00+09:00,277.0,3.0,2024.0,2024-12
2025-04-27 00:00:00+09:00,청춘보X,챌린저스,보우마스터,280.0,1314810444878.0,3.908,2024-12-19 00:00:00+09:00,278.0,2.0,2024.0,2024-12
2025-04-27 00:00:00+09:00,초바보우,챌린저스,보우마스터,280.0,1386713837068.0,4.121,2024-12-19 00:00:00+09:00,278.0,2.0,2024.0,2024-12
2025-04-27 00:00:00+09:00,1000P,스카니아,보우마스터,280.0,1288217769312.0,3.829,2024-12-19 00:00:00+09:00,277.0,3.0,2024.0,2024-12
2025-04-27 00:00:00+09:00,아신발궁,엘리시움,보우마스터,280.0,1136164338645.0,3.377,2023-09-28 00:00:00+09:00,280.0,0.0,2023.0,2023-09
2025-04-27 00:00:00+09:00,온단비2,스카니아,보우마스터,280.0,1126813547376.0,3.349,2024-12-19 00:00:00+09:00,279.0,1.0,2024.0,2024-12
2025-04-27 00:00:00+09:00,뿌융빠용뽀용,크로아,보우마스터,280.0,1121149904878.0,3.332,2025-01-29 00:00:00+09:00,279.0,1.0,2025.0,2025-01
2025-04-27 00:00:00+09:00,로즈트리,스카니아,보우마스터,280.0,1112816680902.0,3.307,2024-01-15 00:00:00+09:00,280.0,0.0,2024.0,2024-01
2025-04-27 00:00:00+09:00,MadShot,베라,보우마스터,280.0,1110974981589.0,3.302,2023-11-13 00:00:00+09:00,280.0,0.0,2023.0,2023-11
2025-04-27 00:00:00+09:00,준나,크로아,보우마스터,280.0,1555257193672.0,4.622,2019-07-16 00:00:00+09:00,279.0,1.0,2019.0,2019-07
2025-04-27 00:00:00+09:00,보우어엉,루나,보우마스터,280.0,1107008449344.0,3.290,2023-06-15 00:00:00+09:00,277.0,3.0,2023.0,2023-06
2025-04-27 00:00:00+09:00,sjhi1220,챌린저스2,보우마스터,280.0,1125589113256.0,3.345,2024-12-19 00:00:00+09:00,279.0,1.0,2024.0,2024-12
2025-04-27 00:00:00+09:00,벌떡바지,스카니아,보우마스터,280.0,1234339710751.0,3.668,2024-12-19 00:00:00+09:00,277.0,3.0,2024.0,2024-12
2025-04-27 00:00:00+09:00,폐급원딜,베라,보우마스터,280.0,2928359029376.0,8.703,2024-12-19 00:00:00+09:00,277.0,3.0,2024.0,2024-12
2025-04-27 00:00:00+09:00,흥나루,크로아,보우마스터,280.0,1050102105611.0,3.121,2023-06-15 00:00:00+09:00,277.0,3.0,2023.0,2023-06
2025-04-27 00:00:00+09:00,쓰레기규태,챌린저스,보우마스터,280.0,1044533237779.0,3.104,2024-12-19 00:00:00+09:00,279.0,1.0,2024.0,2024-12
2025-04-27 00:00:00+09:00,HM모노레일,오로라,보우마스터,280.0,1191318700865.0,3.541,2017-05-29 00:00:00+09:00,278.0,2.0,2017.0,2017-05
2025-04-27 00:00:00+09:00,뎃츠라이트,스카니아,보우마스터,280.0,1313837843800.0,3.905,2022-12-29 00:00:00+09:00,278.0,2.0,2022.0,2022-12
2025-04-27 00:00:00+09:00,방구리티컬,베라,보우마스터,280.0,2171252894702.0,6.453,2016-04-28 00:00:00+09:00,277.0,3.0,2016.0,2016-04
2025-04-27 00:00:00+09:00,inplacehunt,엘리시움,보우마스터,280.0,1127574540971.0,3.351,2024-12-19 00:00:00+09:00,277.0,3.0,2024.0,2024-12
2025-04-27 00:00:00+09:00,보망윙,챌린저스2,보우마스터,280.0,1354386418116.0,4.025,2024-12-19 00:00:00+09:00,277.0,3.0,2024.0,2024-12
2025-04-27 00:00:00+09:00,나야지정빈,크로아,보우마스터,280.0,1418564202282.0,4.216,2024-12-19 00:00:00+09:00,277.0,3.0,2024.0,2024-12
2025-04-27 00:00:00+09:00,행복가득보마,베라,보우마스터,280.0,890017718434.0,2.645,2024-12-19 00:00:00+09:00,280.0,0.0,2024.0,2024-12
2025-04-27 00:00:00+09:00,비석박고봄,스카니아,보우마스터,280.0,1059621230540.0,3.149,2024-12-19 00:00:00+09:00,277.0,3.0,2024.0,2024-12
2025-04-27 00:00:00+09:00,잠재레전보마,베라,보우마스터,280.0,861544116765.0,2.560,2024-06-24 00:00:00+09:00,277.0,3.0,2024.0,2024-06
2025-04-27 00:00:00+09:00,벌탱보마,오로라,보우마스터,280.0,838664447065.0,2.492,2025-01-19 00:00:00+09:00,276.0,4.0,2025.0,2025-01
2025-04-27 00:00:00+09:00,겨울밤의,엘리시움,보우마스터,280.0,848670320999.0,2.522,2022-11-03 00:00:00+09:00,278.0,2.0,2022.0,2022-11
2025-04-27 00:00:00+09:00,부에냥,제니스,보우마스터,280.0,813614473659.0,2.418,2022-12-24 00:00:00+09:00,280.0,0.0,2022.0,2022-12
2025-04-27 00:00:00+09:00,오빠랑보마,오로라,보우마스터,280.0,993016899992.0,2.951,2020-07-01 00:00:00+09:00,278.0,2.0,2020.0,2020-07
2025-04-27 00:00:00+09:00,소릿,챌린저스,보우마스터,280.0,2095321056782.0,6.227,2024-12-19 00:00:00+09:00,277.0,3.0,2024.0,2024-12
2025-04-27 00:00:00+09:00,밍뚝부,베라,보우마스터,280.0,778456583880.0,2.314,2024-12-19 00:00:00+09:00,277.0,3.0,2024.0,2024-12
2025-04-27 00:00:00+09:00,수리여,챌린저스,보우마스터,280.0,775009133054.0,2.303,2024-12-25 00:00:00+09:00,279.0,1.0,2024.0,2024-12
2025-04-27 00:00:00+09:00,덩욥이,챌린저스4,보우마스터,280.0,767140154663.0,2.280,2024-12-19 00:00:00+09:00,278.0,2.0,2024.0,2024-12
2025-04-27 00:00:00+09:00,빨강I,챌린저스,보우마스터,280.0,998902373253.0,2.969,2024-12-19 00:00:00+09:00,278.0,2.0,2024.0,2024-12
2025-04-27 00:00:00+09:00,냐효,오로라,보우마스터,280.0,759690517281.0,2.258,2024-12-19 00:00:00+09:00,280.0,0.0,2024.0,2024-12
2025-04-27 00:00:00+09:00,김진제2,크로아,보우마스터,280.0,751680295274.0,2.234,2023-06-22 00:00:00+09:00,280.0,0.0,2023.0,2023-06
2025-04-27 00:00:00+09:00,사도우하루키,챌린저스2,보우마스터,280.0,736843196271.0,2.190,2024-12-29 00:00:00+09:00,278.0,2.0,2024.0,2024-12
2025-04-27 00:00:00+09:00,램슬랜드,루나,보우마스터,280.0,775836686876.0,2.306,2024-06-20 00:00:00+09:00,279.0,1.0,2024.0,2024-06
2025-04-27 00:00:00+09:00,빠깝,루나,보우마스터,280.0,729484732118.0,2.168,2023-06-15 00:00:00+09:00,280.0,0.0,2023.0,2023-06
2025-04-27 00:00:00+09:00,프을레터,베라,보우마스터,280.0,716377514415.0,2.129,2017-06-13 00:00:00+09:00,279.0,1.0,2017.0,2017-06
2025-04-27 00:00:00+09:00,냥냥이보마,스카니아,보우마스터,280.0,713713495909.0,2.121,2024-12-19 00:00:00+09:00,278.0,2.0,2024.0,2024-12
2025-04-27 00:00:00+09:00,스페셜활잡이,스카니아,보우마스터,280.0,1197599907995.0,3.559,2024-12-19 00:00:00+09:00,278.0,2.0,2024.0,2024-12
2025-04-27 00:00:00+09:00,간호사애호가,크로아,보우마스터,280.0,700632022571.0,2.082,2023-07-07 00:00:00+09:00,280.0,0.0,2023.0,2023-07
2025-04-27 00:00:00+09:00,보마악동,루나,보우마스터,280.0,729669383045.0,2.169,2024-06-30 00:00:00+09:00,277.0,3.0,2024.0,2024-06
2025-04-27 00:00:00+09:00,수리수리수리,챌린저스,보우마스터,280.0,687467770797.0,2.043,2024-12-19 00:00:00+09:00,278.0,2.0,2024.0,2024-12
2025-04-27 00:00:00+09:00,저촉,엘리시움,보우마스터,280.0,844204995785.0,2.509,2025-02-07 00:00:00+09:00,273.0,7.0,2025.0,2025-02
2025-04-27 00:00:00+09:00,소원보마,챌린저스,보우마스터,280.0,633910509931.0,1.884,2024-12-19 00:00:00+09:00,278.0,2.0,2024.0,2024-12
2025-04-27 00:00:00+09:00,츠명,챌린저스,보우마스터,280.0,851634051649.0,2.531,2024-12-19 00:00:00+09:00,278.0,2.0,2024.0,2024-12
2025-04-27 00:00:00+09:00,닉변예정보마,챌린저스,보우마스터,280.0,630132266053.0,1.873,2024-12-19 00:00:00+09:00,280.0,0.0,2024.0,2024-12
2025-04-27 00:00:00+09:00,열인,엘리시움,보우마스터,280.0,624390929065.0,1.856,2020-12-17 00:00:00+09:00,279.0,1.0,2020.0,2020-12
2025-04-27 00:00:00+09:00,잇펜,챌린저스,보우마스터,280.0,624334320673.0,1.856,2024-12-19 00:00:00+09:00,277.0,3.0,2024.0,2024-12
2025-04-27 00:00:00+09:00,떡잎밥,오로라,보우마스터,280.0,619661379729.0,1.842,2024-12-19 00:00:00+09:00,278.0,2.0,2024.0,2024-12
2025-04-27 00:00:00+09:00,바탕체,베라,보우마스터,280.0,615094327310.0,1.828,2016-01-14 00:00:00+09:00,279.0,1.0,2016.0,2016-01
2025-04-27 00:00:00+09:00,초코스모어,크로아,보우마스터,280.0,811678958039.0,2.412,2019-11-11 00:00:00+09:00,278.0,2.0,2019.0,2019-11
2025-04-27 00:00:00+09:00,성꾸보마,루나,보우마스터,280.0,598499853079.0,1.779,2020-09-12 00:00:00+09:00,279.0,1.0,2020.0,2020-09
2025-04-27 00:00:00+09:00,겨울봄2,오로라,보우마스터,280.0,588131301887.0,1.748,2024-12-19 00:00:00+09:00,279.0,1.0,2024.0,2024-12
2025-04-27 00:00:00+09:00,십쥬군은보마,챌린저스,보우마스터,280.0,742908729777.0,2.208,2024-12-19 00:00:00+09:00,277.0,3.0,2024.0,2024-12
2025-04-27 00:00:00+09:00,더지봄,스카니아,보우마스터,280.0,575812287056.0,1.711,2022-12-22 00:00:00+09:00,280.0,0.0,2022.0,2022-12
2025-04-27 00:00:00+09:00,보마바티,챌린저스,보우마스터,280.0,1884045897584.0,5.599,2024-12-19 00:00:00+09:00,278.0,2.0,2024.0,2024-12
2025-04-27 00:00:00+09:00,클린업,챌린저스4,보우마스터,280.0,706293392799.0,2.099,2024-12-19 00:00:00+09:00,278.0,2.0,2024.0,2024-12
2025-04-27 00:00:00+09:00,환의림,엘리시움,보우마스터,280.0,556757856994.0,1.655,2024-01-03 00:00:00+09:00,279.0,1.0,2024.0,2024-01
2025-04-27 00:00:00+09:00,엔부사과,챌린저스2,보우마스터,280.0,549923166393.0,1.634,2024-12-20 00:00:00+09:00,280.0,0.0,2024.0,2024-12
2025-04-27 00:00:00+09:00,이성원I,크로아,보우마스터,280.0,539432301308.0,1.603,2019-01-18 00:00:00+09:00,279.0,1.0,2019.0,2019-01
2025-04-27 00:00:00+09:00,올올준,엘리시움,보우마스터,280.0,528076417791.0,1.569,2019-12-19 00:00:00+09:00,280.0,0.0,2019.0,2019-12
2025-04-27 00:00:00+09:00,보마곳,크로아,보우마스터,280.0,526215734647.0,1.564,2023-12-21 00:00:00+09:00,280.0,0.0,2023.0,2023-12
2025-04-27 00:00:00+09:00,파부닥엉,베라,보우마스터,280.0,502218092810.0,1.493,2022-12-22 00:00:00+09:00,280.0,0.0,2022.0,2022-12
2025-04-27 00:00:00+09:00,일꾼쩜사,챌린저스2,보우마스터,280.0,681248009171.0,2.025,2024-12-19 00:00:00+09:00,278.0,2.0,2024.0,2024-12
2025-04-27 00:00:00+09:00,결벼루,스카니아,보우마스터,280.0,1832571797561.0,5.446,2023-12-21 00:00:00+09:00,277.0,3.0,2023.0,2023-12
2025-04-27 00:00:00+09:00,잔망스런보마,챌린저스4,보우마스터,280.0,770682943618.0,2.290,2024-12-19 00:00:00+09:00,278.0,2.0,2024.0,2024-12
2025-04-27 00:00:00+09:00,셔퉁이,베라,보우마스터,280.0,447701952191.0,1.331,2024-06-21 00:00:00+09:00,278.0,2.0,2024.0,2024-06
2025-04-27 00:00:00+09:00,꼬먀보마,루나,보우마스터,280.0,662406619465.0,1.969,2024-12-22 00:00:00+09:00,278.0,2.0,2024.0,2024-12
2025-04-27 00:00:00+09:00,스즈룰,스카니아,보우마스터,280.0,1546479779122.0,4.596,2025-01-12 00:00:00+09:00,277.0,3.0,2025.0,2025-01
2025-04-27 00:00:00+09:00,AimeeLynx,챌린저스4,보우마스터,280.0,408059157655.0,1.213,2024-12-19 00:00:00+09:00,277.0,3.0,2024.0,2024-12
2025-04-27 00:00:00+09:00,삐랜드,오로라,보우마스터,280.0,408054927106.0,1.213,2024-09-23 00:00:00+09:00,280.0,0.0,2024.0,2024-09
2025-04-27 00:00:00+09:00,선혈활,스카니아,보우마스터,280.0,398992609595.0,1.186,2024-06-20 00:00:00+09:00,278.0,2.0,2024.0,2024-06
2025-04-27 00:00:00+09:00,끄로아,크로아,보우마스터,280.0,391647212213.0,1.164,2023-02-26 00:00:00+09:00,278.0,2.0,2023.0,2023-02
2025-04-27 00:00:00+09:00,coEvo,유니온,보우마스터,280.0,1351380811732.0,4.016,2023-02-23 00:00:00+09:00,278.0,2.0,2023.0,2023-02
2025-04-27 00:00:00+09:00,뮈정근,유니온,보우마스터,280.0,536547640586.0,1.595,2024-12-19 00:00:00+09:00,278.0,2.0,2024.0,2024-12
2025-04-27 00:00:00+09:00,땅혼,스카니아,보우마스터,280.0,373906256263.0,1.111,2023-12-26 00:00:00+09:00,279.0,1.0,2023.0,2023-12
2025-04-27 00:00:00+09:00,엽찍,챌린저스2,보우마스터,280.0,1360715517041.0,4.044,2024-12-19 00:00:00+09:00,277.0,3.0,2024.0,2024-12
2025-04-27 00:00:00+09:00,진술해,루나,보우마스터,280.0,362426344564.0,1.077,2019-01-27 00:00:00+09:00,279.0,1.0,2019.0,2019-01
2025-04-27 00:00:00+09:00,전튜버,챌린저스,보우마스터,280.0,357792646071.0,1.063,2024-12-19 00:00:00+09:00,280.0,0.0,2024.0,2024-12
2025-04-27 00:00:00+09:00,마안연비,챌린저스,보우마스터,280.0,1575349970227.0,4.682,2024-12-19 00:00:00+09:00,278.0,2.0,2024.0,2024-12
2025-04-27 00:00:00+09:00,매크로플래터,챌린저스,보우마스터,280.0,332441252646.0,0.988,2024-12-19 00:00:00+09:00,280.0,0.0,2024.0,2024-12
2025-04-27 00:00:00+09:00,교좽,스카니아,보우마스터,280.0,3158501808956.0,9.387,2024-12-19 00:00:00+09:00,277.0,3.0,2024.0,2024-12
2025-04-27 00:00:00+09:00,소옹누어,엘리시움,보우마스터,280.0,296538642174.0,0.881,2023-06-21 00:00:00+09:00,280.0,0.0,2023.0,2023-06
2025-04-27 00:00:00+09:00,가이나노,챌린저스,보우마스터,280.0,295974404862.0,0.880,2024-12-19 00:00:00+09:00,279.0,1.0,2024.0,2024-12
2025-04-27 00:00:00+09:00,외제보마,베라,보우마스터,280.0,284746017963.0,0.846,2023-07-09 00:00:00+09:00,280.0,0.0,2023.0,2023-07
2025-04-27 00:00:00+09:00,역도마스터,스카니아,보우마스터,280.0,457879394727.0,1.361,2024-12-19 00:00:00+09:00,278.0,2.0,2024.0,2024-12
2025-04-27 00:00:00+09:00,날조군,챌린저스2,보우마스터,280.0,298296741678.0,0.887,2024-12-19 00:00:00+09:00,278.0,2.0,2024.0,2024-12
2025-04-27 00:00:00+09:00,내이름종환,챌린저스2,보우마스터,280.0,450603226787.0,1.339,2024-12-19 00:00:00+09:00,277.0,3.0,2024.0,2024-12
2025-04-27 00:00:00+09:00,vV수누보마Vv,챌린저스2,보우마스터,280.0,217053875270.0,0.645,2024-12-19 00:00:00+09:00,279.0,1.0,2024.0,2024-12
2025-04-27 00:00:00+09:00,챌섭할각임,챌린저스,보우마스터,280.0,432689508921.0,1.286,2024-12-19 00:00:00+09:00,277.0,3.0,2024.0,2024-12
2025-04-27 00:00:00+09:00,뺀구리,챌린저스,보우마스터,280.0,430345184439.0,1.279,2024-12-19 00:00:00+09:00,277.0,3.0,2024.0,2024-12
2025-04-27 00:00:00+09:00,화살들고와라,크로아,보우마스터,280.0,195237607090.0,0.580,2025-01-06 00:00:00+09:00,278.0,2.0,2025.0,2025-01
2025-04-27 00:00:00+09:00,밥먹는돛새치,챌린저스2,보우마스터,280.0,324815669614.0,0.965,2024-12-19 00:00:00+09:00,278.0,2.0,2024.0,2024-12
2025-04-27 00:00:00+09:00,위플래싱,루나,보우마스터,280.0,187491020932.0,0.557,2024-12-19 00:00:00+09:00,277.0,3.0,2024.0,2024-12
2025-04-27 00:00:00+09:00,시퀀스꾹,챌린저스,보우마스터,280.0,450063092575.0,1.338,2024-12-19 00:00:00+09:00,278.0,2.0,2024.0,2024-12
2025-04-27 00:00:00+09:00,양각궁,챌린저스,보우마스터,280.0,193431748092.0,0.575,2024-12-24 00:00:00+09:00,278.0,2.0,2024.0,2024-12
2025-04-27 00:00:00+09:00,매꺼핀,루나,보우마스터,280.0,226382038389.0,0.673,2020-09-28 00:00:00+09:00,278.0,2.0,2020.0,2020-09
2025-04-27 00:00:00+09:00,술버릇,엘리시움,보우마스터,280.0,209389368359.0,0.622,2020-12-17 00:00:00+09:00,277.0,3.0,2020.0,2020-12
2025-04-27 00:00:00+09:00,신창섭보마,루나,보우마스터,280.0,170293315773.0,0.506,2024-06-20 00:00:00+09:00,280.0,0.0,2024.0,2024-06
2025-04-27 00:00:00+09:00,보우굵직,크로아,보우마스터,280.0,821602045212.0,2.442,2024-02-17 00:00:00+09:00,279.0,1.0,2024.0,2024-02
2025-04-27 00:00:00+09:00,라떼미라주,엘리시움,보우마스터,280.0,331747440909.0,0.986,2024-12-23 00:00:00+09:00,276.0,4.0,2024.0,2024-12
2025-04-27 00:00:00+09:00,tmddbswjd,스카니아,보우마스터,280.0,240894646311.0,0.716,2024-12-19 00:00:00+09:00,279.0,1.0,2024.0,2024-12
2025-04-27 00:00:00+09:00,땅모,챌린저스,보우마스터,280.0,150752677341.0,0.448,2024-12-19 00:00:00+09:00,278.0,2.0,2024.0,2024-12
2025-04-27 00:00:00+09:00,올해보여주나,스카니아,보우마스터,280.0,149151451207.0,0.443,2025-01-09 00:00:00+09:00,279.0,1.0,2025.0,2025-01
2025-04-27 00:00:00+09:00,또켜,엘리시움,보우마스터,280.0,148570074134.0,0.442,2022-12-22 00:00:00+09:00,279.0,1.0,2022.0,2022-12
2025-04-27 00:00:00+09:00,보마1337,챌린저스4,보우마스터,280.0,140384600162.0,0.417,2024-12-19 00:00:00+09:00,276.0,4.0,2024.0,2024-12
2025-04-27 00:00:00+09:00,오옹부,챌린저스3,보우마스터,280.0,144308414917.0,0.429,2024-12-19 00:00:00+09:00,279.0,1.0,2024.0,2024-12
2025-04-27 00:00:00+09:00,서졍,스카니아,보우마스터,280.0,131445334688.0,0.391,2024-09-18 00:00:00+09:00,279.0,1.0,2024.0,2024-09
2025-04-27 00:00:00+09:00,냠전냠전,루나,보우마스터,280.0,126478074842.0,0.376,2022-06-30 00:00:00+09:00,280.0,0.0,2022.0,2022-06
2025-04-27 00:00:00+09:00,하영셋,스카니아,보우마스터,280.0,124974928916.0,0.371,2020-01-02 00:00:00+09:00,279.0,1.0,2020.0,2020-01
2025-04-27 00:00:00+09:00,콜스터,챌린저스3,보우마스터,280.0,121993246117.0,0.363,2024-12-19 00:00:00+09:00,277.0,3.0,2024.0,2024-12
2025-04-27 00:00:00+09:00,뽀뿅,스카니아,보우마스터,280.0,101503087152.0,0.302,2024-12-19 00:00:00+09:00,280.0,0.0,2024.0,2024-12
2025-04-27 00:00:00+09:00,이보쟝,엘리시움,보우마스터,280.0,94943230206.0,0.282,2018-02-04 00:00:00+09:00,280.0,0.0,2018.0,2018-02
2025-04-27 00:00:00+09:00,에도가와정연,챌린저스2,보우마스터,280.0,343142747355.0,1.020,2024-12-19 00:00:00+09:00,277.0,3.0,2024.0,2024-12
2025-04-27 00:00:00+09:00,쇠부기,챌린저스2,보우마스터,280.0,93381957417.0,0.278,2024-12-19 00:00:00+09:00,279.0,1.0,2024.0,2024-12
2025-04-27 00:00:00+09:00,초록괴물보마,스카니아,보우마스터,280.0,75543086211.0,0.225,2024-12-19 00:00:00+09:00,280.0,0.0,2024.0,2024-12
2025-04-27 00:00:00+09:00,띠링화살,엘리시움,보우마스터,280.0,67684555576.0,0.201,2024-12-19 00:00:00+09:00,278.0,2.0,2024.0,2024-12
2025-04-27 00:00:00+09:00,보마골리니,스카니아,보우마스터,280.0,61415799971.0,0.183,2022-01-28 00:00:00+09:00,278.0,2.0,2022.0,2022-01
2025-04-27 00:00:00+09:00,혀니캬롱,엘리시움,보우마스터,280.0,48806517936.0,0.145,2023-03-10 00:00:00+09:00,278.0,2.0,2023.0,2023-03
2025-04-27 00:00:00+09:00,창이활잽이,스카니아,보우마스터,280.0,46188454102.0,0.137,2022-01-07 00:00:00+09:00,279.0,1.0,2022.0,2022-01
2025-04-27 00:00:00+09:00,빼요빼,챌린저스3,보우마스터,280.0,39464093868.0,0.117,2024-12-19 00:00:00+09:00,279.0,1.0,2024.0,2024-12
2025-04-27 00:00:00+09:00,곰근짱,크로아,보우마스터,280.0,36631703632.0,0.109,2022-12-22 00:00:00+09:00,279.0,1.0,2022.0,2022-12
2025-04-27 00:00:00+09:00,시즌1해야지,챌린저스,보우마스터,280.0,26145253981.0,0.078,2024-12-20 00:00:00+09:00,278.0,2.0,2024.0,2024-12
2025-04-27 00:00:00+09:00,작동중,베라,보우마스터,280.0,22252392356.0,0.066,2023-03-18 00:00:00+09:00,278.0,2.0,2023.0,2023-03
2025-04-27 00:00:00+09:00,낏뽀,베라,보우마스터,280.0,18581470033.0,0.055,2024-01-03 00:00:00+09:00,280.0,0.0,2024.0,2024-01
2025-04-27 00:00:00+09:00,갸랫,엘리시움,보우마스터,280.0,11155806664.0,0.033,2017-05-13 00:00:00+09:00,278.0,2.0,2017.0,2017-05
2025-04-27 00:00:00+09:00,키세맘,챌린저스,보우마스터,280.0,22809661225.0,0.068,2024-12-19 00:00:00+09:00,277.0,3.0,2024.0,2024-12
2025-04-27 00:00:00+09:00,날먹딸깍홍민,루나,보우마스터,280.0,844221238225.0,2.509,2024-12-19 00:00:00+09:00,277.0,3.0,2024.0,2024-12
2025-04-27 00:00:00+09:00,워니보망,베라,보우마스터,280.0,2700909702.0,0.008,2024-12-19 00:00:00+09:00,280.0,0.0,2024.0,2024-12
2025-04-27 00:00:00+09:00,당만보,베라,보우마스터,280.0,894007800.0,0.003,2024-06-20 00:00:00+09:00,278.0,2.0,2024.0,2024-06
2025-04-27 00:00:00+09:00,메잘알꼬맹이,크로아,보우마스터,280.0,577640522.0,0.002,2019-01-19 00:00:00+09:00,279.0,1.0,2019.0,2019-01
2025-04-27 00:00:00+09:00,보마신궁,엘리시움,보우마스터,280.0,33874901616.0,0.101,2022-11-06 00:00:00+09:00,279.0,1.0,2022.0,2022-11
2025-04-27 00:00:00+09:00,사슬빵집,엘리시움,카데나,280.0,32091942894313.0,95.377,2018-06-27 00:00:00+09:00,280.0,0.0,2018.0,2018-06
2025-04-27 00:00:00+09:00,쑥즙,크로아,카데나,280.0,31601351366573.0,93.919,2023-07-26 00:00:00+09:00,280.0,0.0,2023.0,2023-07
2025-04-27 00:00:00+09:00,키데리니,오로라,카데나,281.0,1891238372374.0,5.110,2023-07-09 00:00:00+09:00,280.0,1.0,2023.0,2023-07
2025-04-27 00:00:00+09:00,달래얍삐,오로라,카데나,280.0,31210382235362.0,92.757,2024-12-19 00:00:00+09:00,280.0,0.0,2024.0,2024-12
2025-04-27 00:00:00+09:00,성설카포,크로아,카데나,280.0,31025778334412.0,92.208,2024-12-19 00:00:00+09:00,279.0,1.0,2024.0,2024-12
2025-04-27 00:00:00+09:00,캘버리,챌린저스,카데나,280.0,31220566229372.0,92.787,2024-12-19 00:00:00+09:00,279.0,1.0,2024.0,2024-12
2025-04-27 00:00:00+09:00,Stat,루나,카데나,280.0,30957045511692.0,92.004,2023-07-10 00:00:00+09:00,280.0,0.0,2023.0,2023-07
2025-04-27 00:00:00+09:00,카데나Ban,크로아,카데나,280.0,30956270748563.0,92.001,2018-12-23 00:00:00+09:00,280.0,0.0,2018.0,2018-12
2025-04-27 00:00:00+09:00,가보자훈아,엘리시움,카데나,280.0,30794293269417.0,91.520,2017-07-06 00:00:00+09:00,280.0,0.0,2017.0,2017-07
2025-04-27 00:00:00+09:00,며으누,베라,카데나,280.0,30945431415221.0,91.969,2017-06-23 00:00:00+09:00,280.0,0.0,2017.0,2017-06
2025-04-27 00:00:00+09:00,세선생님,크로아,카데나,280.0,30509912464770.0,90.675,2019-12-25 00:00:00+09:00,280.0,0.0,2019.0,2019-12
2025-04-27 00:00:00+09:00,체IN,오로라,카데나,280.0,30470251821176.0,90.557,2023-07-15 00:00:00+09:00,280.0,0.0,2023.0,2023-07
2025-04-27 00:00:00+09:00,금탄,오로라,카데나,280.0,31713458139934.0,94.252,2024-12-19 00:00:00+09:00,278.0,2.0,2024.0,2024-12
2025-04-27 00:00:00+09:00,2271년생,챌린저스,카데나,280.0,30088915822607.0,89.424,2024-12-19 00:00:00+09:00,280.0,0.0,2024.0,2024-12
2025-04-27 00:00:00+09:00,스모키레더,스카니아,카데나,280.0,30066875734682.0,89.358,2025-01-05 00:00:00+09:00,278.0,2.0,2025.0,2025-01
2025-04-27 00:00:00+09:00,뚱효빈,베라,카데나,280.0,29827831463366.0,88.648,2023-06-20 00:00:00+09:00,280.0,0.0,2023.0,2023-06
2025-04-27 00:00:00+09:00,영실이,크로아,카데나,280.0,31238754010849.0,92.841,2018-06-22 00:00:00+09:00,280.0,0.0,2018.0,2018-06
2025-04-27 00:00:00+09:00,작은오빠야,제니스,카데나,280.0,29604830707553.0,87.985,2017-07-09 00:00:00+09:00,280.0,0.0,2017.0,2017-07
2025-04-27 00:00:00+09:00,체인류현,엘리시움,카데나,280.0,29693094315030.0,88.247,2019-12-21 00:00:00+09:00,280.0,0.0,2019.0,2019-12
2025-04-27 00:00:00+09:00,보성눅차,크로아,카데나,280.0,29575177071424.0,87.897,2018-06-02 00:00:00+09:00,280.0,0.0,2018.0,2018-06
2025-04-27 00:00:00+09:00,망국의유산,유니온,카데나,280.0,29309840400421.0,87.108,2017-06-27 00:00:00+09:00,280.0,0.0,2017.0,2017-06
2025-04-27 00:00:00+09:00,주르르의모험,스카니아,카데나,280.0,29086343152065.0,86.444,2023-07-04 00:00:00+09:00,280.0,0.0,2023.0,2023-07
2025-04-27 00:00:00+09:00,뵈챈,스카니아,카데나,280.0,29048275215668.0,86.331,2023-02-02 00:00:00+09:00,280.0,0.0,2023.0,2023-02
2025-04-27 00:00:00+09:00,아카되나,오로라,카데나,280.0,29171015774448.0,86.696,2024-12-19 00:00:00+09:00,279.0,1.0,2024.0,2024-12
2025-04-27 00:00:00+09:00,당팬치,루나,카데나,280.0,28876072619597.0,85.819,2024-12-19 00:00:00+09:00,279.0,1.0,2024.0,2024-12
2025-04-27 00:00:00+09:00,퇴계동금쪽이,루나,카데나,280.0,28635559853469.0,85.104,2024-08-07 00:00:00+09:00,280.0,0.0,2024.0,2024-08
2025-04-27 00:00:00+09:00,둥둥레아,오로라,카데나,280.0,28505225018203.0,84.717,2021-02-15 00:00:00+09:00,280.0,0.0,2021.0,2021-02
2025-04-27 00:00:00+09:00,뉴네카데나,엘리시움,카데나,280.0,28457017023267.0,84.574,2024-08-18 00:00:00+09:00,280.0,0.0,2024.0,2024-08
2025-04-27 00:00:00+09:00,막일해,스카니아,카데나,280.0,28239759470521.0,83.928,2024-07-28 00:00:00+09:00,280.0,0.0,2024.0,2024-07
2025-04-27 00:00:00+09:00,어스름카나,엘리시움,카데나,280.0,28115674495910.0,83.559,2024-01-09 00:00:00+09:00,280.0,0.0,2024.0,2024-01
2025-04-27 00:00:00+09:00,킬범,엘리시움,카데나,280.0,27865513710373.0,82.816,2018-12-31 00:00:00+09:00,280.0,0.0,2018.0,2018-12
2025-04-27 00:00:00+09:00,MC마틴,스카니아,카데나,280.0,28032932127384.0,83.313,2017-08-04 00:00:00+09:00,279.0,1.0,2017.0,2017-08
2025-04-27 00:00:00+09:00,관창,크로아,카데나,280.0,27776452705141.0,82.551,2019-01-11 00:00:00+09:00,280.0,0.0,2019.0,2019-01
2025-04-27 00:00:00+09:00,체이스연습중,이노시스,카데나,280.0,28015050089191.0,83.260,2019-01-11 00:00:00+09:00,280.0,0.0,2019.0,2019-01
2025-04-27 00:00:00+09:00,르안,루나,카데나,280.0,27441870911086.0,81.557,2019-03-14 00:00:00+09:00,280.0,0.0,2019.0,2019-03
2025-04-27 00:00:00+09:00,아네스타스,오로라,카데나,280.0,27413942570771.0,81.474,2023-07-06 00:00:00+09:00,280.0,0.0,2023.0,2023-07
2025-04-27 00:00:00+09:00,으캬,루나,카데나,280.0,27263628961156.0,81.027,2019-06-20 00:00:00+09:00,280.0,0.0,2019.0,2019-06
2025-04-27 00:00:00+09:00,강건형,베라,카데나,280.0,27262919358542.0,81.025,2017-06-22 00:00:00+09:00,280.0,0.0,2017.0,2017-06
2025-04-27 00:00:00+09:00,정세창,챌린저스,카데나,280.0,27119126114948.0,80.598,2025-01-01 00:00:00+09:00,278.0,2.0,2025.0,2025-01
2025-04-27 00:00:00+09:00,백수지겹다,루나,카데나,280.0,26917921270492.0,80.000,2017-07-07 00:00:00+09:00,280.0,0.0,2017.0,2017-07
2025-04-27 00:00:00+09:00,크랄레스,엘리시움,카데나,280.0,26629637868390.0,79.143,2019-11-10 00:00:00+09:00,280.0,0.0,2019.0,2019-11
2025-04-27 00:00:00+09:00,척숭이,유니온,카데나,280.0,27209208506581.0,80.865,2024-12-19 00:00:00+09:00,280.0,0.0,2024.0,2024-12
2025-04-27 00:00:00+09:00,갠줄,베라,카데나,280.0,26642430685935.0,79.181,2018-07-02 00:00:00+09:00,280.0,0.0,2018.0,2018-07
2025-04-27 00:00:00+09:00,잡아버섯,챌린저스,카데나,280.0,26138549040612.0,77.683,2024-12-19 00:00:00+09:00,279.0,1.0,2024.0,2024-12
2025-04-27 00:00:00+09:00,가을이별,스카니아,카데나,280.0,25844697345644.0,76.810,2019-06-20 00:00:00+09:00,280.0,0.0,2019.0,2019-06
2025-04-27 00:00:00+09:00,사일러스스,챌린저스,카데나,280.0,29392389905638.0,87.354,2024-12-21 00:00:00+09:00,279.0,1.0,2024.0,2024-12
2025-04-27 00:00:00+09:00,카되나여,챌린저스4,카데나,280.0,25718192655647.0,76.434,2024-12-19 00:00:00+09:00,280.0,0.0,2024.0,2024-12
2025-04-27 00:00:00+09:00,털털녀,크로아,카데나,280.0,25361744555189.0,75.375,2023-06-16 00:00:00+09:00,280.0,0.0,2023.0,2023-06
2025-04-27 00:00:00+09:00,믹친,베라,카데나,280.0,25097726563350.0,74.590,2020-01-22 00:00:00+09:00,280.0,0.0,2020.0,2020-01
2025-04-27 00:00:00+09:00,몹루,스카니아,카데나,280.0,25230364867749.0,74.984,2024-12-21 00:00:00+09:00,278.0,2.0,2024.0,2024-12
2025-04-27 00:00:00+09:00,여울가린,오로라,카데나,280.0,25041845316628.0,74.424,2021-02-07 00:00:00+09:00,280.0,0.0,2021.0,2021-02
2025-04-27 00:00:00+09:00,멋진새,베라,카데나,280.0,25090695193746.0,74.569,2018-05-30 00:00:00+09:00,280.0,0.0,2018.0,2018-05
2025-04-27 00:00:00+09:00,카데썽쭌,루나,카데나,280.0,24909650503799.0,74.031,2018-07-08 00:00:00+09:00,280.0,0.0,2018.0,2018-07
2025-04-27 00:00:00+09:00,진쪼물,루나,카데나,280.0,24733495538021.0,73.507,2019-06-20 00:00:00+09:00,280.0,0.0,2019.0,2019-06
2025-04-27 00:00:00+09:00,쭝튜,스카니아,카데나,280.0,26236446656662.0,77.974,2019-06-22 00:00:00+09:00,280.0,0.0,2019.0,2019-06
2025-04-27 00:00:00+09:00,해롱쿨쿨,크로아,카데나,280.0,24481036832065.0,72.757,2020-08-06 00:00:00+09:00,280.0,0.0,2020.0,2020-08
2025-04-27 00:00:00+09:00,모델녀,스카니아,카데나,280.0,24423792199643.0,72.587,2018-05-24 00:00:00+09:00,280.0,0.0,2018.0,2018-05
2025-04-27 00:00:00+09:00,은남,루나,카데나,280.0,24383681945670.0,72.468,2017-06-22 00:00:00+09:00,280.0,0.0,2017.0,2017-06
2025-04-27 00:00:00+09:00,왕녀튀어,스카니아,카데나,280.0,24400051265874.0,72.516,2023-06-25 00:00:00+09:00,280.0,0.0,2023.0,2023-06
2025-04-27 00:00:00+09:00,줏누,루나,카데나,280.0,24240728220344.0,72.043,2019-07-06 00:00:00+09:00,280.0,0.0,2019.0,2019-07
2025-04-27 00:00:00+09:00,혈쇄검주,엘리시움,카데나,280.0,24050604063184.0,71.478,2024-12-19 00:00:00+09:00,278.0,2.0,2024.0,2024-12
2025-04-27 00:00:00+09:00,아돼나,루나,카데나,280.0,23926644313811.0,71.110,2017-06-22 00:00:00+09:00,280.0,0.0,2017.0,2017-06
2025-04-27 00:00:00+09:00,마이멍규13,루나,카데나,280.0,23719219005480.0,70.493,2019-01-06 00:00:00+09:00,280.0,0.0,2019.0,2019-01
2025-04-27 00:00:00+09:00,보거스닐,노바,카데나,280.0,23862401959812.0,70.919,2017-08-02 00:00:00+09:00,280.0,0.0,2017.0,2017-08
2025-04-27 00:00:00+09:00,돌왕카,스카니아,카데나,280.0,24209564261868.0,71.950,2024-06-20 00:00:00+09:00,280.0,0.0,2024.0,2024-06
2025-04-27 00:00:00+09:00,G데나,루나,카데나,280.0,23523739083797.0,69.912,2019-01-19 00:00:00+09:00,279.0,1.0,2019.0,2019-01
2025-04-27 00:00:00+09:00,궁주,스카니아,카데나,280.0,24693828338326.0,73.390,2020-01-24 00:00:00+09:00,279.0,1.0,2020.0,2020-01
2025-04-27 00:00:00+09:00,안임주,베라,카데나,280.0,23218038766853.0,69.004,2019-08-04 00:00:00+09:00,280.0,0.0,2019.0,2019-08
2025-04-27 00:00:00+09:00,GraFaNa1,엘리시움,카데나,280.0,23396436474510.0,69.534,2024-12-19 00:00:00+09:00,280.0,0.0,2024.0,2024-12
2025-04-27 00:00:00+09:00,커덴,루나,카데나,280.0,22506749579995.0,66.890,2024-06-29 00:00:00+09:00,280.0,0.0,2024.0,2024-06
2025-04-27 00:00:00+09:00,z어려운길z,스카니아,카데나,280.0,22406401351610.0,66.591,2023-07-11 00:00:00+09:00,280.0,0.0,2023.0,2023-07
2025-04-27 00:00:00+09:00,카델레이나,크로아,카데나,280.0,22252698256863.0,66.135,2020-12-17 00:00:00+09:00,280.0,0.0,2020.0,2020-12
2025-04-27 00:00:00+09:00,아이엠딸기,엘리시움,카데나,280.0,21900714919366.0,65.088,2023-06-20 00:00:00+09:00,280.0,0.0,2023.0,2023-06
2025-04-27 00:00:00+09:00,퀀탁,엘리시움,카데나,280.0,21510972150344.0,63.930,2024-07-18 00:00:00+09:00,280.0,0.0,2024.0,2024-07
2025-04-27 00:00:00+09:00,섬손,엘리시움,카데나,280.0,22197066668662.0,65.969,2024-12-19 00:00:00+09:00,278.0,2.0,2024.0,2024-12
2025-04-27 00:00:00+09:00,스택,크로아,카데나,280.0,21331256470256.0,63.396,2019-07-31 00:00:00+09:00,280.0,0.0,2019.0,2019-07
2025-04-27 00:00:00+09:00,한강석,스카니아,카데나,280.0,21327949799517.0,63.386,2017-07-01 00:00:00+09:00,280.0,0.0,2017.0,2017-07
2025-04-27 00:00:00+09:00,소시오패스,스카니아,카데나,280.0,21252313772035.0,63.161,2019-01-05 00:00:00+09:00,280.0,0.0,2019.0,2019-01
2025-04-27 00:00:00+09:00,콘나물,이노시스,카데나,280.0,21171036404965.0,62.920,2018-07-14 00:00:00+09:00,280.0,0.0,2018.0,2018-07
2025-04-27 00:00:00+09:00,안녕세비,크로아,카데나,280.0,21311937263765.0,63.339,2018-12-28 00:00:00+09:00,280.0,0.0,2018.0,2018-12
2025-04-27 00:00:00+09:00,은구랭,크로아,카데나,280.0,21109724657966.0,62.738,2024-12-19 00:00:00+09:00,278.0,2.0,2024.0,2024-12
2025-04-27 00:00:00+09:00,널구속할사슬,오로라,카데나,280.0,22283649764199.0,66.227,2023-12-21 00:00:00+09:00,280.0,0.0,2023.0,2023-12
2025-04-27 00:00:00+09:00,카포찜,챌린저스3,카데나,280.0,21190516116577.0,62.978,2024-12-19 00:00:00+09:00,279.0,1.0,2024.0,2024-12
2025-04-27 00:00:00+09:00,부부체인,스카니아,카데나,280.0,23208148426922.0,68.974,2025-01-15 00:00:00+09:00,277.0,3.0,2025.0,2025-01
2025-04-27 00:00:00+09:00,다몽띵,챌린저스4,카데나,280.0,20971557164655.0,62.327,2024-12-20 00:00:00+09:00,278.0,2.0,2024.0,2024-12
2025-04-27 00:00:00+09:00,과학탐구,루나,카데나,280.0,24739324019246.0,73.525,2017-10-08 00:00:00+09:00,279.0,1.0,2017.0,2017-10
2025-04-27 00:00:00+09:00,혁키1,스카니아,카데나,280.0,20861271255503.0,61.999,2018-11-17 00:00:00+09:00,280.0,0.0,2018.0,2018-11
2025-04-27 00:00:00+09:00,스몰렛,스카니아,카데나,280.0,20447801843683.0,60.770,2024-01-12 00:00:00+09:00,280.0,0.0,2024.0,2024-01
2025-04-27 00:00:00+09:00,개대체,크로아,카데나,280.0,24128263233748.0,71.709,2020-12-12 00:00:00+09:00,278.0,2.0,2020.0,2020-12
2025-04-27 00:00:00+09:00,리부트다녀와,스카니아,카데나,280.0,19818902266612.0,58.901,2024-03-04 00:00:00+09:00,280.0,0.0,2024.0,2024-03
2025-04-27 00:00:00+09:00,마뇽찰싹,베라,카데나,280.0,19681390937342.0,58.493,2024-12-19 00:00:00+09:00,279.0,1.0,2024.0,2024-12
2025-04-27 00:00:00+09:00,학로,루나,카데나,280.0,19630075784979.0,58.340,2020-06-25 00:00:00+09:00,280.0,0.0,2020.0,2020-06
2025-04-27 00:00:00+09:00,쩌루,루나,카데나,280.0,20316745236515.0,60.381,2022-06-19 00:00:00+09:00,280.0,0.0,2022.0,2022-06
2025-04-27 00:00:00+09:00,뿔템,챌린저스3,카데나,280.0,21014509806636.0,62.455,2024-12-19 00:00:00+09:00,279.0,1.0,2024.0,2024-12
2025-04-27 00:00:00+09:00,심쿵,루나,카데나,280.0,19255898155904.0,57.228,2024-12-19 00:00:00+09:00,280.0,0.0,2024.0,2024-12
2025-04-27 00:00:00+09:00,혜성의조각,크로아,카데나,280.0,19246754779894.0,57.201,2023-06-15 00:00:00+09:00,280.0,0.0,2023.0,2023-06
2025-04-27 00:00:00+09:00,장미유진,엘리시움,카데나,280.0,20036033220466.0,59.547,2017-09-02 00:00:00+09:00,280.0,0.0,2017.0,2017-09
2025-04-27 00:00:00+09:00,해카데나피,스카니아,카데나,280.0,19133007517414.0,56.863,2024-08-19 00:00:00+09:00,279.0,1.0,2024.0,2024-08
2025-04-27 00:00:00+09:00,염원화,루나,카데나,280.0,19120219706257.0,56.825,2018-08-12 00:00:00+09:00,280.0,0.0,2018.0,2018-08
2025-04-27 00:00:00+09:00,비벼도데나,오로라,카데나,280.0,18979358165105.0,56.406,2025-01-28 00:00:00+09:00,277.0,3.0,2025.0,2025-01
2025-04-27 00:00:00+09:00,미이시,크로아,카데나,280.0,18692340690917.0,55.553,2019-06-20 00:00:00+09:00,280.0,0.0,2019.0,2019-06
2025-04-27 00:00:00+09:00,권률,루나,카데나,280.0,18839551263365.0,55.991,2024-12-19 00:00:00+09:00,278.0,2.0,2024.0,2024-12
2025-04-27 00:00:00+09:00,혐리다,오로라,카데나,280.0,18575686602802.0,55.207,2022-06-15 00:00:00+09:00,280.0,0.0,2022.0,2022-06
2025-04-27 00:00:00+09:00,딸피카데나,엘리시움,카데나,280.0,18332174083549.0,54.483,2024-12-21 00:00:00+09:00,278.0,2.0,2024.0,2024-12
2025-04-27 00:00:00+09:00,권하율,레드,카데나,280.0,18323158866315.0,54.456,2021-06-18 00:00:00+09:00,280.0,0.0,2021.0,2021-06
2025-04-27 00:00:00+09:00,이틀만니꺼해,챌린저스,카데나,280.0,19027641848028.0,56.550,2024-12-19 00:00:00+09:00,279.0,1.0,2024.0,2024-12
2025-04-27 00:00:00+09:00,8인치스피너,스카니아,카데나,280.0,22652507931592.0,67.323,2023-07-24 00:00:00+09:00,280.0,0.0,2023.0,2023-07
2025-04-27 00:00:00+09:00,연휭,엘리시움,카데나,280.0,17835401978571.0,53.006,2017-07-15 00:00:00+09:00,280.0,0.0,2017.0,2017-07
2025-04-27 00:00:00+09:00,누낙,루나,카데나,280.0,17594157532709.0,52.289,2023-01-08 00:00:00+09:00,280.0,0.0,2023.0,2023-01
2025-04-27 00:00:00+09:00,호랑이오야봉,엘리시움,카데나,280.0,17277054254038.0,51.347,2019-07-26 00:00:00+09:00,280.0,0.0,2019.0,2019-07
2025-04-27 00:00:00+09:00,A카데나E,유니온,카데나,280.0,17288841529823.0,51.382,2024-12-19 00:00:00+09:00,277.0,3.0,2024.0,2024-12
2025-04-27 00:00:00+09:00,울진에사는김,스카니아,카데나,280.0,16995477888173.0,50.510,2024-04-09 00:00:00+09:00,280.0,0.0,2024.0,2024-04
2025-04-27 00:00:00+09:00,자투사기단,베라,카데나,280.0,16912922869412.0,50.265,2019-06-24 00:00:00+09:00,280.0,0.0,2019.0,2019-06
2025-04-27 00:00:00+09:00,월미미,엘리시움,카데나,280.0,16880175667372.0,50.168,2018-06-03 00:00:00+09:00,280.0,0.0,2018.0,2018-06
2025-04-27 00:00:00+09:00,도원경카데나,이노시스,카데나,280.0,19238617554281.0,57.177,2024-12-19 00:00:00+09:00,278.0,2.0,2024.0,2024-12
2025-04-27 00:00:00+09:00,삐냐노,베라,카데나,280.0,16537471801451.0,49.149,2017-06-22 00:00:00+09:00,280.0,0.0,2017.0,2017-06
2025-04-27 00:00:00+09:00,오징혜,이노시스,카데나,280.0,16621976599782.0,49.400,2018-05-21 00:00:00+09:00,280.0,0.0,2018.0,2018-05
2025-04-27 00:00:00+09:00,즛토먀요,루나,카데나,280.0,16737597347441.0,49.744,2018-07-05 00:00:00+09:00,280.0,0.0,2018.0,2018-07
2025-04-27 00:00:00+09:00,내옆뻥튀기,베라,카데나,280.0,16400484226858.0,48.742,2022-12-22 00:00:00+09:00,280.0,0.0,2022.0,2022-12
2025-04-27 00:00:00+09:00,비관,챌린저스,카데나,280.0,16032731259845.0,47.649,2024-12-19 00:00:00+09:00,280.0,0.0,2024.0,2024-12
2025-04-27 00:00:00+09:00,능옥이,크로아,카데나,280.0,15791256769907.0,46.931,2024-01-05 00:00:00+09:00,280.0,0.0,2024.0,2024-01
2025-04-27 00:00:00+09:00,작열파동,루나,카데나,280.0,15777849835334.0,46.891,2017-06-23 00:00:00+09:00,280.0,0.0,2017.0,2017-06
2025-04-27 00:00:00+09:00,서해별빛열차,엘리시움,카데나,280.0,17003727993677.0,50.535,2022-08-22 00:00:00+09:00,280.0,0.0,2022.0,2022-08
2025-04-27 00:00:00+09:00,아쨔,엘리시움,카데나,280.0,15606356275749.0,46.382,2019-11-03 00:00:00+09:00,280.0,0.0,2019.0,2019-11
2025-04-27 00:00:00+09:00,디두링,루나,카데나,280.0,15762642327711.0,46.846,2024-12-19 00:00:00+09:00,278.0,2.0,2024.0,2024-12
2025-04-27 00:00:00+09:00,가을o,제니스,카데나,280.0,15577169780469.0,46.295,2017-07-08 00:00:00+09:00,280.0,0.0,2017.0,2017-07
2025-04-27 00:00:00+09:00,레서킨,엘리시움,카데나,280.0,15380488692289.0,45.711,2019-09-20 00:00:00+09:00,279.0,1.0,2019.0,2019-09
2025-04-27 00:00:00+09:00,얼마써줄래,루나,카데나,280.0,15079322858966.0,44.815,2019-11-04 00:00:00+09:00,279.0,1.0,2019.0,2019-11
2025-04-27 00:00:00+09:00,히든빠따,스카니아,카데나,280.0,14899462837517.0,44.281,2019-12-19 00:00:00+09:00,280.0,0.0,2019.0,2019-12
2025-04-27 00:00:00+09:00,Silencer,크로아,카데나,280.0,15091423311162.0,44.851,2017-07-15 00:00:00+09:00,280.0,0.0,2017.0,2017-07
2025-04-27 00:00:00+09:00,연아임,루나,카데나,280.0,14701058907786.0,43.691,2020-05-19 00:00:00+09:00,280.0,0.0,2020.0,2020-05
2025-04-27 00:00:00+09:00,선준전,스카니아,카데나,280.0,14489104496951.0,43.061,2019-03-02 00:00:00+09:00,280.0,0.0,2019.0,2019-03
2025-04-27 00:00:00+09:00,어딜계집OI,오로라,카데나,280.0,14604853255971.0,43.405,2025-01-05 00:00:00+09:00,277.0,3.0,2025.0,2025-01
2025-04-27 00:00:00+09:00,소미료,크로아,카데나,280.0,14165099549654.0,42.098,2020-02-12 00:00:00+09:00,280.0,0.0,2020.0,2020-02
2025-04-27 00:00:00+09:00,돤카데나,루나,카데나,280.0,14250160384122.0,42.351,2021-06-18 00:00:00+09:00,279.0,1.0,2021.0,2021-06
2025-04-27 00:00:00+09:00,신인범,엘리시움,카데나,280.0,14119275865154.0,41.962,2017-07-12 00:00:00+09:00,280.0,0.0,2017.0,2017-07
2025-04-27 00:00:00+09:00,오로록카데나,베라,카데나,280.0,14109808605543.0,41.934,2018-06-21 00:00:00+09:00,280.0,0.0,2018.0,2018-06
2025-04-27 00:00:00+09:00,렉시온,엘리시움,카데나,280.0,14101991630728.0,41.911,2017-06-22 00:00:00+09:00,279.0,1.0,2017.0,2017-06
2025-04-27 00:00:00+09:00,나성혁이,스카니아,카데나,280.0,13701479411309.0,40.721,2018-12-27 00:00:00+09:00,280.0,0.0,2018.0,2018-12
2025-04-27 00:00:00+09:00,CAMERA,스카니아,카데나,280.0,13698951515447.0,40.713,2017-07-01 00:00:00+09:00,280.0,0.0,2017.0,2017-07
2025-04-27 00:00:00+09:00,몽쿠,이노시스,카데나,280.0,13746439681613.0,40.854,2019-09-28 00:00:00+09:00,280.0,0.0,2019.0,2019-09
2025-04-27 00:00:00+09:00,태빵내꺼야,스카니아,카데나,280.0,13334505122257.0,39.630,2024-12-19 00:00:00+09:00,278.0,2.0,2024.0,2024-12
2025-04-27 00:00:00+09:00,딸기모,크로아,카데나,280.0,13306002262531.0,39.545,2020-09-06 00:00:00+09:00,280.0,0.0,2020.0,2020-09
2025-04-27 00:00:00+09:00,혐송,엘리시움,카데나,280.0,13274169483860.0,39.451,2020-08-08 00:00:00+09:00,280.0,0.0,2020.0,2020-08
2025-04-27 00:00:00+09:00,복숭수박,크로아,카데나,280.0,14003829092858.0,41.619,2019-06-20 00:00:00+09:00,280.0,0.0,2019.0,2019-06
2025-04-27 00:00:00+09:00,민둘맨둘,엘리시움,카데나,280.0,13209100886654.0,39.257,2019-10-03 00:00:00+09:00,280.0,0.0,2019.0,2019-10
2025-04-27 00:00:00+09:00,슬슬면,이노시스,카데나,280.0,13464916603549.0,40.017,2024-12-25 00:00:00+09:00,278.0,2.0,2024.0,2024-12
2025-04-27 00:00:00+09:00,카솜잉,크로아,카데나,280.0,13195817595031.0,39.218,2020-12-17 00:00:00+09:00,280.0,0.0,2020.0,2020-12
2025-04-27 00:00:00+09:00,사슬광부,스카니아,카데나,280.0,12995392836336.0,38.622,2020-08-11 00:00:00+09:00,280.0,0.0,2020.0,2020-08
2025-04-27 00:00:00+09:00,은미장,크로아,카데나,280.0,12820999272012.0,38.104,2017-06-22 00:00:00+09:00,280.0,0.0,2017.0,2017-06
2025-04-27 00:00:00+09:00,lucidream,오로라,카데나,280.0,13511828544575.0,40.157,2020-01-13 00:00:00+09:00,279.0,1.0,2020.0,2020-01
2025-04-27 00:00:00+09:00,뫄아압,엘리시움,카데나,280.0,12779798601898.0,37.981,,280.0,0.0,,
2025-04-27 00:00:00+09:00,보화탱,베라,카데나,280.0,12694443321923.0,37.728,2020-12-17 00:00:00+09:00,280.0,0.0,2020.0,2020-12
2025-04-27 00:00:00+09:00,체인쓴나,챌린저스4,카데나,280.0,13738664025668.0,40.831,2024-12-19 00:00:00+09:00,279.0,1.0,2024.0,2024-12
2025-04-27 00:00:00+09:00,엘베방귀빌런,크로아,카데나,280.0,12299924943237.0,36.555,2024-12-19 00:00:00+09:00,279.0,1.0,2024.0,2024-12
2025-04-27 00:00:00+09:00,이리야별무리,베라,카데나,280.0,11977240348394.0,35.596,2020-12-17 00:00:00+09:00,279.0,1.0,2020.0,2020-12
2025-04-27 00:00:00+09:00,동물원포식자,오로라,카데나,280.0,11962542877026.0,35.552,2018-06-23 00:00:00+09:00,279.0,1.0,2018.0,2018-06
2025-04-27 00:00:00+09:00,스윙킴,루나,카데나,280.0,13080633496242.0,38.875,2023-08-06 00:00:00+09:00,280.0,0.0,2023.0,2023-08
2025-04-27 00:00:00+09:00,강더키,엘리시움,카데나,280.0,11901022254458.0,35.370,2019-03-25 00:00:00+09:00,280.0,0.0,2019.0,2019-03
2025-04-27 00:00:00+09:00,애착사슬인형,루나,카데나,280.0,13591861637984.0,40.395,2023-10-08 00:00:00+09:00,278.0,2.0,2023.0,2023-10
2025-04-27 00:00:00+09:00,랜덤닉카데나,오로라,카데나,280.0,11517738430651.0,34.230,2018-07-06 00:00:00+09:00,280.0,0.0,2018.0,2018-07
2025-04-27 00:00:00+09:00,황태빈,스카니아,카데나,280.0,12063045313501.0,35.851,2024-12-19 00:00:00+09:00,278.0,2.0,2024.0,2024-12
2025-04-27 00:00:00+09:00,체겅민,오로라,카데나,280.0,11614579768737.0,34.518,2024-12-19 00:00:00+09:00,278.0,2.0,2024.0,2024-12
2025-04-27 00:00:00+09:00,꼬꼬물물데나,챌린저스,카데나,280.0,12367813049500.0,36.757,2024-12-19 00:00:00+09:00,277.0,3.0,2024.0,2024-12
2025-04-27 00:00:00+09:00,의현이,스카니아,카데나,280.0,11341541341067.0,33.707,2018-12-27 00:00:00+09:00,280.0,0.0,2018.0,2018-12
2025-04-27 00:00:00+09:00,및주,엘리시움,카데나,280.0,11787867695399.0,35.033,2024-12-26 00:00:00+09:00,277.0,3.0,2024.0,2024-12
2025-04-27 00:00:00+09:00,매홧,크로아,카데나,280.0,12182094697698.0,36.205,2021-12-30 00:00:00+09:00,279.0,1.0,2021.0,2021-12
2025-04-27 00:00:00+09:00,기똥컨,크로아,카데나,280.0,11225982515864.0,33.363,2024-12-19 00:00:00+09:00,278.0,2.0,2024.0,2024-12
2025-04-27 00:00:00+09:00,하앙범서,챌린저스4,카데나,280.0,11473104920025.0,34.098,2024-12-19 00:00:00+09:00,279.0,1.0,2024.0,2024-12
2025-04-27 00:00:00+09:00,Gubbg,엘리시움,카데나,280.0,10918555355548.0,32.450,2020-01-31 00:00:00+09:00,279.0,1.0,2020.0,2020-01
2025-04-27 00:00:00+09:00,pais,엘리시움,카데나,280.0,10605350677206.0,31.519,2019-01-05 00:00:00+09:00,279.0,1.0,2019.0,2019-01
2025-04-27 00:00:00+09:00,당근말밥,스카니아,카데나,280.0,10548627419626.0,31.350,2018-06-21 00:00:00+09:00,280.0,0.0,2018.0,2018-06
2025-04-27 00:00:00+09:00,컨빡센넘,크로아,카데나,280.0,10413544187362.0,30.949,2017-06-24 00:00:00+09:00,280.0,0.0,2017.0,2017-06
2025-04-27 00:00:00+09:00,별다람지,크로아,카데나,280.0,10584397363716.0,31.457,2024-12-19 00:00:00+09:00,278.0,2.0,2024.0,2024-12
2025-04-27 00:00:00+09:00,hutao,루나,카데나,280.0,10253162332824.0,30.472,2019-02-24 00:00:00+09:00,280.0,0.0,2019.0,2019-02
2025-04-27 00:00:00+09:00,난승배,크로아,카데나,280.0,10133620841936.0,30.117,2023-06-15 00:00:00+09:00,280.0,0.0,2023.0,2023-06
2025-04-27 00:00:00+09:00,추흐름,베라,카데나,280.0,10448001338417.0,31.051,2024-12-20 00:00:00+09:00,278.0,2.0,2024.0,2024-12
2025-04-27 00:00:00+09:00,쏘헤밍,베라,카데나,280.0,10126817291369.0,30.097,2024-12-19 00:00:00+09:00,278.0,2.0,2024.0,2024-12
2025-04-27 00:00:00+09:00,데나둘기,베라,카데나,280.0,10119854432257.0,30.076,2023-12-21 00:00:00+09:00,280.0,0.0,2023.0,2023-12
2025-04-27 00:00:00+09:00,룰루덩,베라,카데나,280.0,10155949344578.0,30.183,2020-03-02 00:00:00+09:00,280.0,0.0,2020.0,2020-03
2025-04-27 00:00:00+09:00,갠기,크로아,카데나,280.0,10033009512710.0,29.818,2020-08-28 00:00:00+09:00,280.0,0.0,2020.0,2020-08
2025-04-27 00:00:00+09:00,흉폭견,스카니아,카데나,280.0,10152357379209.0,30.173,2024-12-19 00:00:00+09:00,278.0,2.0,2024.0,2024-12
2025-04-27 00:00:00+09:00,차메가,크로아,카데나,280.0,9996878521279.0,29.711,2017-09-19 00:00:00+09:00,280.0,0.0,2017.0,2017-09
2025-04-27 00:00:00+09:00,잡고,스카니아,카데나,280.0,9969554972973.0,29.629,2021-12-31 00:00:00+09:00,280.0,0.0,2021.0,2021-12
2025-04-27 00:00:00+09:00,Peccati,엘리시움,카데나,280.0,10853260360989.0,32.256,2017-07-26 00:00:00+09:00,279.0,1.0,2017.0,2017-07
2025-04-27 00:00:00+09:00,으쳐,스카니아,카데나,280.0,9780587729974.0,29.068,2020-01-21 00:00:00+09:00,280.0,0.0,2020.0,2020-01
2025-04-27 00:00:00+09:00,jettie,오로라,카데나,280.0,9750648044960.0,28.979,2022-12-22 00:00:00+09:00,280.0,0.0,2022.0,2022-12
2025-04-27 00:00:00+09:00,포로빵내꺼야,노바,카데나,280.0,9733852004569.0,28.929,2022-06-30 00:00:00+09:00,280.0,0.0,2022.0,2022-06
2025-04-27 00:00:00+09:00,은쇄도,오로라,카데나,280.0,9909391097420.0,29.451,2019-06-20 00:00:00+09:00,279.0,1.0,2019.0,2019-06
2025-04-27 00:00:00+09:00,새싹귀리밥,챌린저스,카데나,280.0,10758157387682.0,31.973,2024-12-19 00:00:00+09:00,278.0,2.0,2024.0,2024-12
2025-04-27 00:00:00+09:00,Arbus,크로아,카데나,280.0,9563583121934.0,28.423,2023-06-16 00:00:00+09:00,280.0,0.0,2023.0,2023-06
2025-04-27 00:00:00+09:00,lzl존카데나l,오로라,카데나,280.0,9523294654823.0,28.303,2019-07-11 00:00:00+09:00,279.0,1.0,2019.0,2019-07
2025-04-27 00:00:00+09:00,갓두,크로아,카데나,280.0,9393735169790.0,27.918,2024-12-19 00:00:00+09:00,278.0,2.0,2024.0,2024-12
2025-04-27 00:00:00+09:00,하유민,엘리시움,카데나,280.0,9338321542109.0,27.753,2019-01-07 00:00:00+09:00,278.0,2.0,2019.0,2019-01
2025-04-27 00:00:00+09:00,RuLen,크로아,카데나,280.0,9212508413042.0,27.379,2018-05-03 00:00:00+09:00,280.0,0.0,2018.0,2018-05
2025-04-27 00:00:00+09:00,거대한포신,엘리시움,카데나,280.0,9177839411725.0,27.276,2023-06-20 00:00:00+09:00,280.0,0.0,2023.0,2023-06
2025-04-27 00:00:00+09:00,멋있는췌민이,크로아,카데나,280.0,9131173708143.0,27.138,2017-12-22 00:00:00+09:00,280.0,0.0,2017.0,2017-12
2025-04-27 00:00:00+09:00,해방의사슬,베라,카데나,280.0,9119869093556.0,27.104,2024-12-19 00:00:00+09:00,280.0,0.0,2024.0,2024-12
2025-04-27 00:00:00+09:00,키토파스,오로라,카데나,280.0,9076334629019.0,26.975,2018-06-24 00:00:00+09:00,280.0,0.0,2018.0,2018-06
2025-04-27 00:00:00+09:00,별이잠든꿈,루나,카데나,280.0,8901144671956.0,26.454,2020-12-17 00:00:00+09:00,280.0,0.0,2020.0,2020-12
2025-04-27 00:00:00+09:00,검은애,루나,카데나,280.0,10012995606528.0,29.758,2024-12-22 00:00:00+09:00,278.0,2.0,2024.0,2024-12
2025-04-27 00:00:00+09:00,나슈트라,루나,카데나,280.0,8880680063266.0,26.393,2018-12-27 00:00:00+09:00,279.0,1.0,2018.0,2018-12
2025-04-27 00:00:00+09:00,그는웃고있다,오로라,카데나,280.0,8791123489220.0,26.127,2020-12-21 00:00:00+09:00,280.0,0.0,2020.0,2020-12
2025-04-27 00:00:00+09:00,henac,엘리시움,카데나,280.0,8676868798777.0,25.787,2018-02-15 00:00:00+09:00,280.0,0.0,2018.0,2018-02
2025-04-27 00:00:00+09:00,름셀름,오로라,카데나,280.0,8960097704854.0,26.629,2024-02-02 00:00:00+09:00,278.0,2.0,2024.0,2024-02
2025-04-27 00:00:00+09:00,슈크림맛슈가,크로아,카데나,280.0,8350644131833.0,24.818,2017-07-06 00:00:00+09:00,280.0,0.0,2017.0,2017-07
2025-04-27 00:00:00+09:00,나카와다메앳,오로라,카데나,280.0,8299207804976.0,24.665,2019-01-21 00:00:00+09:00,280.0,0.0,2019.0,2019-01
2025-04-27 00:00:00+09:00,메추리,베라,카데나,280.0,8259014887708.0,24.546,,280.0,0.0,,
2025-04-27 00:00:00+09:00,준벌2,엘리시움,카데나,280.0,8242508373479.0,24.497,,280.0,0.0,,
2025-04-27 00:00:00+09:00,햅피햅피해피,스카니아,카데나,280.0,8182268501201.0,24.318,2024-02-29 00:00:00+09:00,280.0,0.0,2024.0,2024-02
2025-04-27 00:00:00+09:00,체인잡음,베라,카데나,280.0,11387443603310.0,33.843,2024-12-19 00:00:00+09:00,277.0,3.0,2024.0,2024-12
2025-04-27 00:00:00+09:00,두핀머핀,엘리시움,카데나,280.0,7852876495297.0,23.339,2020-06-25 00:00:00+09:00,280.0,0.0,2020.0,2020-06
2025-04-27 00:00:00+09:00,지나데카,루나,카데나,280.0,7657650146820.0,22.758,2023-06-15 00:00:00+09:00,280.0,0.0,2023.0,2023-06
2025-04-27 00:00:00+09:00,머규,엘리시움,카데나,280.0,7635241528864.0,22.692,2019-07-05 00:00:00+09:00,280.0,0.0,2019.0,2019-07
2025-04-27 00:00:00+09:00,대원이카데나,챌린저스4,카데나,280.0,7501643390969.0,22.295,2024-12-19 00:00:00+09:00,279.0,1.0,2024.0,2024-12
2025-04-27 00:00:00+09:00,졍빰,스카니아,카데나,280.0,8685462485856.0,25.813,2024-12-20 00:00:00+09:00,278.0,2.0,2024.0,2024-12
2025-04-27 00:00:00+09:00,카데임당,베라,카데나,280.0,7434268970704.0,22.094,2018-07-28 00:00:00+09:00,280.0,0.0,2018.0,2018-07
2025-04-27 00:00:00+09:00,카데낭,베라,카데나,280.0,7411958246493.0,22.028,2021-05-16 00:00:00+09:00,280.0,0.0,2021.0,2021-05
2025-04-27 00:00:00+09:00,황쿠,크로아,카데나,280.0,7397310087765.0,21.985,2024-12-19 00:00:00+09:00,279.0,1.0,2024.0,2024-12
2025-04-27 00:00:00+09:00,빠다표코넛,챌린저스,카데나,280.0,7564688088143.0,22.482,2024-12-19 00:00:00+09:00,278.0,2.0,2024.0,2024-12
2025-04-27 00:00:00+09:00,담쟁이본캐,오로라,카데나,280.0,7366221566981.0,21.892,2017-06-24 00:00:00+09:00,278.0,2.0,2017.0,2017-06
2025-04-27 00:00:00+09:00,홍깨비박망이,루나,카데나,280.0,6950143087676.0,20.656,2024-12-19 00:00:00+09:00,280.0,0.0,2024.0,2024-12
2025-04-27 00:00:00+09:00,단새우멍뭉1,챌린저스3,카데나,280.0,6883069619344.0,20.456,2024-12-19 00:00:00+09:00,280.0,0.0,2024.0,2024-12
2025-04-27 00:00:00+09:00,하치데나,챌린저스,카데나,280.0,6948082209886.0,20.650,2024-12-19 00:00:00+09:00,278.0,2.0,2024.0,2024-12
2025-04-27 00:00:00+09:00,쨔야식,스카니아,카데나,280.0,7043090522267.0,20.932,2018-06-06 00:00:00+09:00,278.0,2.0,2018.0,2018-06
2025-04-27 00:00:00+09:00,순수처녀,엘리시움,카데나,280.0,6541678963063.0,19.442,2022-02-26 00:00:00+09:00,279.0,1.0,2022.0,2022-02
2025-04-27 00:00:00+09:00,봉스테드,크로아,카데나,280.0,6480866157572.0,19.261,2021-12-30 00:00:00+09:00,280.0,0.0,2021.0,2021-12
2025-04-27 00:00:00+09:00,박욱굴,오로라,카데나,280.0,6557951214146.0,19.490,2024-12-19 00:00:00+09:00,278.0,2.0,2024.0,2024-12
2025-04-27 00:00:00+09:00,최순관,스카니아,카데나,280.0,6381730683090.0,18.966,2019-10-13 00:00:00+09:00,280.0,0.0,2019.0,2019-10
2025-04-27 00:00:00+09:00,쿵시,스카니아,카데나,280.0,6104095798778.0,18.141,2019-07-09 00:00:00+09:00,280.0,0.0,2019.0,2019-07
2025-04-27 00:00:00+09:00,갓여이,루나,카데나,280.0,6007598997519.0,17.854,2019-11-10 00:00:00+09:00,279.0,1.0,2019.0,2019-11
2025-04-27 00:00:00+09:00,도승김,엘리시움,카데나,280.0,5926965811590.0,17.615,2021-08-13 00:00:00+09:00,278.0,2.0,2021.0,2021-08
2025-04-27 00:00:00+09:00,오뤼릴릴뤼,루나,카데나,280.0,5998773239034.0,17.828,2018-04-30 00:00:00+09:00,279.0,1.0,2018.0,2018-04
2025-04-27 00:00:00+09:00,코초트민,루나,카데나,280.0,8611351854265.0,25.593,2025-02-17 00:00:00+09:00,275.0,5.0,2025.0,2025-02
2025-04-27 00:00:00+09:00,블랙나즈,루나,카데나,280.0,5822796829428.0,17.305,2018-06-30 00:00:00+09:00,279.0,1.0,2018.0,2018-06
2025-04-27 00:00:00+09:00,머1틀,챌린저스2,카데나,280.0,5783564893595.0,17.189,2024-12-21 00:00:00+09:00,278.0,2.0,2024.0,2024-12
2025-04-27 00:00:00+09:00,다시합연금,오로라,카데나,280.0,5689017778048.0,16.908,2017-06-29 00:00:00+09:00,280.0,0.0,2017.0,2017-06
2025-04-27 00:00:00+09:00,뒹굴짱,챌린저스,카데나,280.0,5735097768445.0,17.045,2024-12-19 00:00:00+09:00,279.0,1.0,2024.0,2024-12
2025-04-27 00:00:00+09:00,별용,노바,카데나,280.0,5404415729881.0,16.062,2019-12-27 00:00:00+09:00,280.0,0.0,2019.0,2019-12
2025-04-27 00:00:00+09:00,니링카,루나,카데나,280.0,5202563900560.0,15.462,2017-07-07 00:00:00+09:00,280.0,0.0,2017.0,2017-07
2025-04-27 00:00:00+09:00,잠시만요,스카니아,카데나,280.0,5180467004159.0,15.396,2024-12-19 00:00:00+09:00,280.0,0.0,2024.0,2024-12
2025-04-27 00:00:00+09:00,아카스매쉬,챌린저스3,카데나,280.0,5143245994101.0,15.286,2024-12-19 00:00:00+09:00,279.0,1.0,2024.0,2024-12
2025-04-27 00:00:00+09:00,먀당,루나,카데나,280.0,4897114235508.0,14.554,2019-04-14 00:00:00+09:00,280.0,0.0,2019.0,2019-04
2025-04-27 00:00:00+09:00,유온링크9800,챌린저스2,카데나,280.0,4828545816619.0,14.350,2024-12-25 00:00:00+09:00,278.0,2.0,2024.0,2024-12
2025-04-27 00:00:00+09:00,카데나Ver,루나,카데나,280.0,4692232473809.0,13.945,2024-01-20 00:00:00+09:00,279.0,1.0,2024.0,2024-01
2025-04-27 00:00:00+09:00,긔여워,엘리시움,카데나,280.0,4637343519915.0,13.782,2022-12-26 00:00:00+09:00,280.0,0.0,2022.0,2022-12
2025-04-27 00:00:00+09:00,레이첼리첼,루나,카데나,280.0,4606022988528.0,13.689,2018-07-07 00:00:00+09:00,280.0,0.0,2018.0,2018-07
2025-04-27 00:00:00+09:00,퓨퍄,스카니아,카데나,280.0,4476441754857.0,13.304,2022-06-30 00:00:00+09:00,280.0,0.0,2022.0,2022-06
2025-04-27 00:00:00+09:00,잉내용,챌린저스,카데나,280.0,4642380408850.0,13.797,2024-12-19 00:00:00+09:00,277.0,3.0,2024.0,2024-12
2025-04-27 00:00:00+09:00,어둠의채찍단,스카니아,카데나,280.0,4455665968774.0,13.242,2023-12-30 00:00:00+09:00,279.0,1.0,2023.0,2023-12
2025-04-27 00:00:00+09:00,블쟈,스카니아,카데나,280.0,4325466422948.0,12.855,2023-06-15 00:00:00+09:00,280.0,0.0,2023.0,2023-06
2025-04-27 00:00:00+09:00,완두더비,유니온,카데나,280.0,4263850732873.0,12.672,2019-01-26 00:00:00+09:00,279.0,1.0,2019.0,2019-01
2025-04-27 00:00:00+09:00,독수리나귀,크로아,카데나,280.0,4241078883073.0,12.604,2021-02-08 00:00:00+09:00,279.0,1.0,2021.0,2021-02
2025-04-27 00:00:00+09:00,칵퉤퉤라,크로아,카데나,280.0,4336080851352.0,12.887,2024-12-19 00:00:00+09:00,278.0,2.0,2024.0,2024-12
2025-04-27 00:00:00+09:00,DJMAX행이,스카니아,카데나,280.0,4155388073980.0,12.350,2024-06-23 00:00:00+09:00,277.0,3.0,2024.0,2024-06
2025-04-27 00:00:00+09:00,나계백순,오로라,카데나,280.0,4685494431046.0,13.925,2024-12-20 00:00:00+09:00,277.0,3.0,2024.0,2024-12
2025-04-27 00:00:00+09:00,킨치먼2,엘리시움,카데나,280.0,4062969282888.0,12.075,2024-04-29 00:00:00+09:00,280.0,0.0,2024.0,2024-04
2025-04-27 00:00:00+09:00,델까랑,크로아,카데나,280.0,4010668401961.0,11.920,2024-06-20 00:00:00+09:00,280.0,0.0,2024.0,2024-06
2025-04-27 00:00:00+09:00,kadula11,스카니아,카데나,280.0,3880541599739.0,11.533,2021-07-29 00:00:00+09:00,277.0,3.0,2021.0,2021-07
2025-04-27 00:00:00+09:00,허땡,루나,카데나,280.0,3722654790853.0,11.064,2018-07-19 00:00:00+09:00,280.0,0.0,2018.0,2018-07
2025-04-27 00:00:00+09:00,그마빙,루나,카데나,280.0,3706353311488.0,11.015,2019-12-11 00:00:00+09:00,280.0,0.0,2019.0,2019-12
2025-04-27 00:00:00+09:00,강궁탁,베라,카데나,280.0,3786647924476.0,11.254,2018-07-28 00:00:00+09:00,275.0,5.0,2018.0,2018-07
2025-04-27 00:00:00+09:00,파워유닛,크로아,카데나,280.0,3556663296349.0,10.570,2023-07-11 00:00:00+09:00,280.0,0.0,2023.0,2023-07
2025-04-27 00:00:00+09:00,렉끼,엘리시움,카데나,280.0,4911218986397.0,14.596,2018-05-06 00:00:00+09:00,279.0,1.0,2018.0,2018-05
2025-04-27 00:00:00+09:00,아토도도,크로아,카데나,280.0,3429552512964.0,10.193,2024-12-19 00:00:00+09:00,279.0,1.0,2024.0,2024-12
2025-04-27 00:00:00+09:00,죠안사제,챌린저스4,카데나,280.0,3440556987300.0,10.225,2024-12-19 00:00:00+09:00,278.0,2.0,2024.0,2024-12
2025-04-27 00:00:00+09:00,금은덩모자,루나,카데나,280.0,3806650905242.0,11.313,2019-12-20 00:00:00+09:00,278.0,2.0,2019.0,2019-12
2025-04-27 00:00:00+09:00,아마용사,오로라,카데나,280.0,3074961522129.0,9.139,2024-07-22 00:00:00+09:00,279.0,1.0,2024.0,2024-07
2025-04-27 00:00:00+09:00,아령빵빵이,베라,카데나,280.0,3024094540196.0,8.988,2023-07-01 00:00:00+09:00,280.0,0.0,2023.0,2023-07
2025-04-27 00:00:00+09:00,빼에얘애엑,오로라,카데나,280.0,3023998949311.0,8.987,2017-06-22 00:00:00+09:00,280.0,0.0,2017.0,2017-06
2025-04-27 00:00:00+09:00,쿵생폼사,엘리시움,카데나,280.0,3021934026159.0,8.981,2020-12-17 00:00:00+09:00,280.0,0.0,2020.0,2020-12
2025-04-27 00:00:00+09:00,요땃,루나,카데나,280.0,3133558628589.0,9.313,2022-07-09 00:00:00+09:00,278.0,2.0,2022.0,2022-07
2025-04-27 00:00:00+09:00,체인도토,루나,카데나,280.0,3074316471794.0,9.137,2019-06-20 00:00:00+09:00,279.0,1.0,2019.0,2019-06
2025-04-27 00:00:00+09:00,쫀쫀불빠따,스카니아,카데나,280.0,2859548657313.0,8.499,2024-06-20 00:00:00+09:00,280.0,0.0,2024.0,2024-06
2025-04-27 00:00:00+09:00,님어머니요,크로아,카데나,280.0,2779280044738.0,8.260,2018-01-09 00:00:00+09:00,277.0,3.0,2018.0,2018-01
2025-04-27 00:00:00+09:00,사디즘카네다,스카니아,카데나,280.0,2758137941090.0,8.197,2019-05-18 00:00:00+09:00,280.0,0.0,2019.0,2019-05
2025-04-27 00:00:00+09:00,늅쇼,레드,카데나,280.0,2699612998844.0,8.023,2023-06-24 00:00:00+09:00,280.0,0.0,2023.0,2023-06
2025-04-27 00:00:00+09:00,코삥데나,크로아,카데나,280.0,2693346431239.0,8.005,2024-06-20 00:00:00+09:00,280.0,0.0,2024.0,2024-06
2025-04-27 00:00:00+09:00,영훈,크로아,카데나,280.0,2687738669492.0,7.988,2023-04-25 00:00:00+09:00,280.0,0.0,2023.0,2023-04
2025-04-27 00:00:00+09:00,옹고지리,루나,카데나,280.0,2628402794555.0,7.812,2025-01-22 00:00:00+09:00,278.0,2.0,2025.0,2025-01
2025-04-27 00:00:00+09:00,안통한다,엘리시움,카데나,280.0,2540705843402.0,7.551,2019-12-24 00:00:00+09:00,279.0,1.0,2019.0,2019-12
2025-04-27 00:00:00+09:00,담보데나,루나,카데나,280.0,2176026820194.0,6.467,2024-12-19 00:00:00+09:00,279.0,1.0,2024.0,2024-12
2025-04-27 00:00:00+09:00,주승지,루나,카데나,280.0,1980507301694.0,5.886,,280.0,0.0,,
2025-04-27 00:00:00+09:00,빵빵추추,챌린저스3,카데나,280.0,2154253639023.0,6.402,2024-12-19 00:00:00+09:00,278.0,2.0,2024.0,2024-12
2025-04-27 00:00:00+09:00,블다,스카니아,카데나,280.0,1898151267366.0,5.641,2020-08-06 00:00:00+09:00,280.0,0.0,2020.0,2020-08
2025-04-27 00:00:00+09:00,모찌윤혁,크로아,카데나,280.0,1843040539973.0,5.477,2021-07-29 00:00:00+09:00,280.0,0.0,2021.0,2021-07
2025-04-27 00:00:00+09:00,발목이이상해,엘리시움,카데나,280.0,1847816496797.0,5.492,2018-07-08 00:00:00+09:00,279.0,1.0,2018.0,2018-07
2025-04-27 00:00:00+09:00,AcruxX,크로아,카데나,280.0,2754280949172.0,8.186,2024-06-20 00:00:00+09:00,278.0,2.0,2024.0,2024-06
2025-04-27 00:00:00+09:00,성붕,루나,카데나,280.0,1611264391787.0,4.789,2017-07-21 00:00:00+09:00,278.0,2.0,2017.0,2017-07
2025-04-27 00:00:00+09:00,패딩,스카니아,카데나,280.0,1542906675337.0,4.585,2018-04-16 00:00:00+09:00,280.0,0.0,2018.0,2018-04
2025-04-27 00:00:00+09:00,꼬수랑,루나,카데나,280.0,2255934705618.0,6.705,2020-05-15 00:00:00+09:00,279.0,1.0,2020.0,2020-05
2025-04-27 00:00:00+09:00,췌한놈,오로라,카데나,280.0,1365808405719.0,4.059,2023-10-26 00:00:00+09:00,277.0,3.0,2023.0,2023-10
2025-04-27 00:00:00+09:00,체급상타치,챌린저스3,카데나,280.0,1160375609382.0,3.449,2024-12-19 00:00:00+09:00,277.0,3.0,2024.0,2024-12
2025-04-27 00:00:00+09:00,뽕마약,엘리시움,카데나,280.0,1105526321924.0,3.286,2022-02-16 00:00:00+09:00,279.0,1.0,2022.0,2022-02
2025-04-27 00:00:00+09:00,카아하데나,챌린저스,카데나,280.0,1003141244465.0,2.981,2024-12-19 00:00:00+09:00,279.0,1.0,2024.0,2024-12
2025-04-27 00:00:00+09:00,빠따누님,챌린저스,카데나,280.0,1142208003995.0,3.395,2024-12-19 00:00:00+09:00,278.0,2.0,2024.0,2024-12
2025-04-27 00:00:00+09:00,데무양,챌린저스2,카데나,280.0,987760074439.0,2.936,2024-12-19 00:00:00+09:00,277.0,3.0,2024.0,2024-12
2025-04-27 00:00:00+09:00,l귤맛이,오로라,카데나,280.0,854959667428.0,2.541,2023-11-30 00:00:00+09:00,280.0,0.0,2023.0,2023-11
2025-04-27 00:00:00+09:00,망중땐,베라,카데나,280.0,847486605078.0,2.519,2024-12-19 00:00:00+09:00,279.0,1.0,2024.0,2024-12
2025-04-27 00:00:00+09:00,늙어병들사람,스카니아,카데나,280.0,993326061177.0,2.952,2024-12-19 00:00:00+09:00,277.0,3.0,2024.0,2024-12
2025-04-27 00:00:00+09:00,메흐흑,엘리시움,카데나,280.0,749900911041.0,2.229,2023-12-21 00:00:00+09:00,280.0,0.0,2023.0,2023-12
2025-04-27 00:00:00+09:00,스서,챌린저스,카데나,280.0,742857271029.0,2.208,2024-12-19 00:00:00+09:00,280.0,0.0,2024.0,2024-12
2025-04-27 00:00:00+09:00,밍밍밍히,엘리시움,카데나,280.0,693751641419.0,2.062,2019-02-10 00:00:00+09:00,280.0,0.0,2019.0,2019-02
2025-04-27 00:00:00+09:00,홰콧,엘리시움,카데나,280.0,1010157567277.0,3.002,2017-07-23 00:00:00+09:00,279.0,1.0,2017.0,2017-07
2025-04-27 00:00:00+09:00,사리곰탕사장,스카니아,카데나,280.0,477081004867.0,1.418,2024-06-20 00:00:00+09:00,279.0,1.0,2024.0,2024-06
2025-04-27 00:00:00+09:00,잠쿤,스카니아,카데나,280.0,470573699820.0,1.399,2024-07-03 00:00:00+09:00,280.0,0.0,2024.0,2024-07
2025-04-27 00:00:00+09:00,충체인,스카니아,카데나,280.0,435999763575.0,1.296,2023-02-27 00:00:00+09:00,280.0,0.0,2023.0,2023-02
2025-04-27 00:00:00+09:00,카나토프,크로아,카데나,280.0,4569563178459.0,13.581,2024-12-19 00:00:00+09:00,277.0,3.0,2024.0,2024-12
2025-04-27 00:00:00+09:00,전담중독증,엘리시움,카데나,280.0,212717340145.0,0.632,2024-12-27 00:00:00+09:00,279.0,1.0,2024.0,2024-12
2025-04-27 00:00:00+09:00,살로티,오로라,카데나,280.0,211183911799.0,0.628,2024-04-21 00:00:00+09:00,280.0,0.0,2024.0,2024-04
2025-04-27 00:00:00+09:00,김서후,스카니아,카데나,280.0,193440178007.0,0.575,2020-08-21 00:00:00+09:00,280.0,0.0,2020.0,2020-08
2025-04-27 00:00:00+09:00,분궝,오로라,카데나,280.0,191700572714.0,0.570,2018-12-28 00:00:00+09:00,277.0,3.0,2018.0,2018-12
2025-04-27 00:00:00+09:00,럿블,크로아,카데나,280.0,143770609539.0,0.427,2021-08-02 00:00:00+09:00,280.0,0.0,2021.0,2021-08
2025-04-27 00:00:00+09:00,깬슬,루나,카데나,280.0,108417243080.0,0.322,2022-08-20 00:00:00+09:00,280.0,0.0,2022.0,2022-08
2025-04-27 00:00:00+09:00,효묘,크로아,카데나,280.0,99726964816.0,0.296,2020-12-17 00:00:00+09:00,279.0,1.0,2020.0,2020-12
2025-04-27 00:00:00+09:00,평캔타슬,오로라,카데나,280.0,33044000810.0,0.098,2023-07-08 00:00:00+09:00,280.0,0.0,2023.0,2023-07
2025-04-27 00:00:00+09:00,최다찌님,엘리시움,카데나,280.0,18992672778.0,0.056,2017-06-24 00:00:00+09:00,279.0,1.0,2017.0,2017-06
2025-04-27 00:00:00+09:00,개뢰데나,루나,카데나,280.0,17325361833.0,0.051,2024-12-19 00:00:00+09:00,280.0,0.0,2024.0,2024-12
